-- phpMyAdmin SQL Dump
-- version 5.0.2
-- https://www.phpmyadmin.net/
--
-- Host: 127.0.0.1
-- Generation Time: Feb 07, 2022 at 01:43 PM
-- Server version: 10.4.11-MariaDB
-- PHP Version: 7.2.31

SET SQL_MODE = "NO_AUTO_VALUE_ON_ZERO";
START TRANSACTION;
SET time_zone = "+00:00";


/*!40101 SET @OLD_CHARACTER_SET_CLIENT=@@CHARACTER_SET_CLIENT */;
/*!40101 SET @OLD_CHARACTER_SET_RESULTS=@@CHARACTER_SET_RESULTS */;
/*!40101 SET @OLD_COLLATION_CONNECTION=@@COLLATION_CONNECTION */;
/*!40101 SET NAMES utf8mb4 */;

--
-- Database: `covidproject`
--

-- --------------------------------------------------------

--
-- Table structure for table `admin`
--

CREATE TABLE `admin` (
  `username` varchar(15) NOT NULL,
  `password` varchar(15) NOT NULL
) ENGINE=InnoDB DEFAULT CHARSET=utf8;

--
-- Dumping data for table `admin`
--

INSERT INTO `admin` (`username`, `password`) VALUES
('admin', 'admin');

-- --------------------------------------------------------

--
-- Table structure for table `checkins`
--

CREATE TABLE `checkins` (
  `username` varchar(25) NOT NULL,
  `poi_id` varchar(50) NOT NULL,
  `dt` varchar(30) NOT NULL DEFAULT current_timestamp(),
  `estimate` int(11) NOT NULL
) ENGINE=InnoDB DEFAULT CHARSET=utf8;

--
-- Dumping data for table `checkins`
--

INSERT INTO `checkins` (`username`, `poi_id`, `dt`, `estimate`) VALUES
('andreas', 'ChIJhT1xJuhJXhMRB_dOMAB9G8A', '1643909981', 98),
('andreas', 'ChIJyRizl0hJXhMRYIWm34jaikk', '1643909946', 33),
('giannis', 'ChIJhT1xJuhJXhMRB_dOMAB9G8A', '1643905742', 12),
('giannis', 'ChIJhT1xJuhJXhMRB_dOMAB9G8A', '1643908177', 39),
('giannis', 'ChIJhT1xJuhJXhMRB_dOMAB9G8A', '1644236978', 35),
('giannis', 'ChIJOeK7WuhJXhMRp1dmjE1OOmo', '1643905690', 68),
('giannis', 'ChIJOeK7WuhJXhMRp1dmjE1OOmo', '1643906408', 11),
('giannis', 'ChIJyRizl0hJXhMRYIWm34jaikk', '1343908149', 36),
('giannis', 'ChIJyRizl0hJXhMRYIWm34jaikk', '1643905676', 45),
('giannis', 'ChIJyRizl0hJXhMRYIWm34jaikk', '1644232758', 56),
('giannis', 'ChIJyRizl0hJXhMRYIWm34jaikk', '1644237680', 69),
('giannis', 'ChIJ_7nx_mxJXhMRSrp68dDU67M', '1644232834', 77);

-- --------------------------------------------------------

--
-- Table structure for table `diagnosis`
--

CREATE TABLE `diagnosis` (
  `username` varchar(25) NOT NULL,
  `dt` date NOT NULL
) ENGINE=InnoDB DEFAULT CHARSET=utf8;

--
-- Dumping data for table `diagnosis`
--

INSERT INTO `diagnosis` (`username`, `dt`) VALUES
('andreas', '2022-02-03'),
('giannis', '2022-02-07');

-- --------------------------------------------------------

--
-- Table structure for table `poi`
--

CREATE TABLE `poi` (
  `id` varchar(35) NOT NULL,
  `name` varchar(60) NOT NULL,
  `address` varchar(80) NOT NULL,
  `type` varchar(15) NOT NULL,
  `lat` float(10,8) NOT NULL,
  `lng` float(10,8) NOT NULL,
  `last_dt` datetime NOT NULL
) ENGINE=InnoDB DEFAULT CHARSET=utf8;

--
-- Dumping data for table `poi`
--

INSERT INTO `poi` (`id`, `name`, `address`, `type`, `lat`, `lng`, `last_dt`) VALUES
('ChIJ4e-5v05JXhMRDZp4UgNSSqg', 'Black Fox', 'Maizonos 30, Patra', 'cafe', 38.24993896, 21.73913956, '2021-11-29 11:49:49'),
('ChIJ8yJ6relJXhMRo2XqEv0keZU', 'SUPERMARKET \"3A ARAPIS\"', 'Maizonos 22-24, Patra', 'supermarket', 38.25061035, 21.73989487, '2021-11-29 11:49:49'),
('ChIJaczbf8JJXhMR9QcBFbdskRA', 'B.M.G. RENTACAR', 'Andrea Papandreou 1, Patra', 'car_rental', 38.25064850, 21.73728371, '2021-12-17 16:44:48'),
('ChIJFxIYOehJXhMRTnfIBMK7Cjw', 'eCig Hellas Ηλεκτρονικο Τσιγαρο - Πάτρα', 'Maizonos 47, Patra', 'electronics_sto', 38.24966431, 21.73905182, '2021-12-17 16:44:48'),
('ChIJHf2oKOhJXhMRU48jxmo1y6s', 'Zolotas S.A.', 'Riga Fereou 32, Patra', 'point_of_intere', 38.25011063, 21.73789215, '2021-12-17 16:44:48'),
('ChIJhT1xJuhJXhMRB_dOMAB9G8A', 'Κατσαρόλα της Τούλας', 'Riga Fereou 49, Patra', 'restaurant', 38.24998093, 21.73796082, '2021-12-17 16:44:48'),
('ChIJLWNTMuhJXhMRc0uCYczaWys', 'Bocas', 'Riga Fereou 39, Patra', 'bar', 38.25042725, 21.73854065, '2021-12-17 16:44:48'),
('ChIJOeK7WuhJXhMRp1dmjE1OOmo', 'ΑΝΑΣΤΑΣΟΠΟΥΛΟΣ ΙΩΑΝΝΗΣ', 'Korinthou 156, Patra', 'electronics_sto', 38.24964905, 21.73991966, '2021-12-17 16:44:48'),
('ChIJSap7relJXhMRUkopSQsXwuI', 'spelectronics.gr - ΗΛΕΚΤΡΟΝΙΚΑ ΗΛΕΚΤΡΟΛΟΓΙΚΑ ΠΑΤΡΑΣ', 'Satovriandou 43-47, Patra', 'electronics_sto', 38.25016785, 21.73982430, '2021-12-17 16:44:48'),
('ChIJvdLwXS1JXhMRif9ab2ps-gA', 'Σαν όνειρο', 'Maizonos 29, Patra', 'clothing_store', 38.25006104, 21.73954010, '2021-11-29 11:49:49'),
('ChIJXXD-Nt1JXhMRWCTJyMxS_Xg', 'adidas Store Patra', 'Agiou Nikolaou &, Agiou Andreou 27, Patra', 'shoe_store', 38.25045776, 21.73729897, '2021-11-29 11:49:49'),
('ChIJyRizl0hJXhMRYIWm34jaikk', 'MAD PIGEON', 'Riga Fereou 40, Patra', 'cafe', 38.24966812, 21.73738670, '2021-11-29 11:49:49'),
('ChIJYW7ZL-hJXhMR9ve2dpMf5Io', 'Ελληνικά Ταχυδρομεία (ΕΛΤΑ)', 'Maizonos 32, Patra', 'post_office', 38.24980545, 21.73893929, '2021-12-17 16:44:48'),
('ChIJ_7nx_mxJXhMRSrp68dDU67M', 'Coffee Lab', 'Maizonos 47, Patra', 'cafe', 38.24966431, 21.73905373, '2021-11-29 11:49:49');

-- --------------------------------------------------------

--
-- Table structure for table `populartimes`
--

CREATE TABLE `populartimes` (
  `poi_id` varchar(35) NOT NULL,
  `day` varchar(15) NOT NULL,
  `hour` int(11) NOT NULL,
  `val` int(11) NOT NULL
) ENGINE=InnoDB DEFAULT CHARSET=utf8;

--
-- Dumping data for table `populartimes`
--

INSERT INTO `populartimes` (`poi_id`, `day`, `hour`, `val`) VALUES
('ChIJ4e-5v05JXhMRDZp4UgNSSqg', 'Friday', 0, 0),
('ChIJ4e-5v05JXhMRDZp4UgNSSqg', 'Friday', 1, 0),
('ChIJ4e-5v05JXhMRDZp4UgNSSqg', 'Friday', 2, 0),
('ChIJ4e-5v05JXhMRDZp4UgNSSqg', 'Friday', 3, 0),
('ChIJ4e-5v05JXhMRDZp4UgNSSqg', 'Friday', 4, 0),
('ChIJ4e-5v05JXhMRDZp4UgNSSqg', 'Friday', 5, 13),
('ChIJ4e-5v05JXhMRDZp4UgNSSqg', 'Friday', 6, 25),
('ChIJ4e-5v05JXhMRDZp4UgNSSqg', 'Friday', 7, 41),
('ChIJ4e-5v05JXhMRDZp4UgNSSqg', 'Friday', 8, 56),
('ChIJ4e-5v05JXhMRDZp4UgNSSqg', 'Friday', 9, 65),
('ChIJ4e-5v05JXhMRDZp4UgNSSqg', 'Friday', 10, 71),
('ChIJ4e-5v05JXhMRDZp4UgNSSqg', 'Friday', 11, 80),
('ChIJ4e-5v05JXhMRDZp4UgNSSqg', 'Friday', 12, 84),
('ChIJ4e-5v05JXhMRDZp4UgNSSqg', 'Friday', 13, 61),
('ChIJ4e-5v05JXhMRDZp4UgNSSqg', 'Friday', 14, 29),
('ChIJ4e-5v05JXhMRDZp4UgNSSqg', 'Friday', 15, 16),
('ChIJ4e-5v05JXhMRDZp4UgNSSqg', 'Friday', 16, 17),
('ChIJ4e-5v05JXhMRDZp4UgNSSqg', 'Friday', 17, 26),
('ChIJ4e-5v05JXhMRDZp4UgNSSqg', 'Friday', 18, 33),
('ChIJ4e-5v05JXhMRDZp4UgNSSqg', 'Friday', 19, 34),
('ChIJ4e-5v05JXhMRDZp4UgNSSqg', 'Friday', 20, 28),
('ChIJ4e-5v05JXhMRDZp4UgNSSqg', 'Friday', 21, 19),
('ChIJ4e-5v05JXhMRDZp4UgNSSqg', 'Friday', 22, 0),
('ChIJ4e-5v05JXhMRDZp4UgNSSqg', 'Friday', 23, 0),
('ChIJ4e-5v05JXhMRDZp4UgNSSqg', 'Monday', 0, 0),
('ChIJ4e-5v05JXhMRDZp4UgNSSqg', 'Monday', 1, 0),
('ChIJ4e-5v05JXhMRDZp4UgNSSqg', 'Monday', 2, 0),
('ChIJ4e-5v05JXhMRDZp4UgNSSqg', 'Monday', 3, 0),
('ChIJ4e-5v05JXhMRDZp4UgNSSqg', 'Monday', 4, 0),
('ChIJ4e-5v05JXhMRDZp4UgNSSqg', 'Monday', 5, 14),
('ChIJ4e-5v05JXhMRDZp4UgNSSqg', 'Monday', 6, 28),
('ChIJ4e-5v05JXhMRDZp4UgNSSqg', 'Monday', 7, 44),
('ChIJ4e-5v05JXhMRDZp4UgNSSqg', 'Monday', 8, 58),
('ChIJ4e-5v05JXhMRDZp4UgNSSqg', 'Monday', 9, 63),
('ChIJ4e-5v05JXhMRDZp4UgNSSqg', 'Monday', 10, 56),
('ChIJ4e-5v05JXhMRDZp4UgNSSqg', 'Monday', 11, 45),
('ChIJ4e-5v05JXhMRDZp4UgNSSqg', 'Monday', 12, 49),
('ChIJ4e-5v05JXhMRDZp4UgNSSqg', 'Monday', 13, 66),
('ChIJ4e-5v05JXhMRDZp4UgNSSqg', 'Monday', 14, 50),
('ChIJ4e-5v05JXhMRDZp4UgNSSqg', 'Monday', 15, 20),
('ChIJ4e-5v05JXhMRDZp4UgNSSqg', 'Monday', 16, 17),
('ChIJ4e-5v05JXhMRDZp4UgNSSqg', 'Monday', 17, 31),
('ChIJ4e-5v05JXhMRDZp4UgNSSqg', 'Monday', 18, 44),
('ChIJ4e-5v05JXhMRDZp4UgNSSqg', 'Monday', 19, 48),
('ChIJ4e-5v05JXhMRDZp4UgNSSqg', 'Monday', 20, 37),
('ChIJ4e-5v05JXhMRDZp4UgNSSqg', 'Monday', 21, 20),
('ChIJ4e-5v05JXhMRDZp4UgNSSqg', 'Monday', 22, 0),
('ChIJ4e-5v05JXhMRDZp4UgNSSqg', 'Monday', 23, 0),
('ChIJ4e-5v05JXhMRDZp4UgNSSqg', 'Saturday', 0, 0),
('ChIJ4e-5v05JXhMRDZp4UgNSSqg', 'Saturday', 1, 0),
('ChIJ4e-5v05JXhMRDZp4UgNSSqg', 'Saturday', 2, 0),
('ChIJ4e-5v05JXhMRDZp4UgNSSqg', 'Saturday', 3, 0),
('ChIJ4e-5v05JXhMRDZp4UgNSSqg', 'Saturday', 4, 0),
('ChIJ4e-5v05JXhMRDZp4UgNSSqg', 'Saturday', 5, 13),
('ChIJ4e-5v05JXhMRDZp4UgNSSqg', 'Saturday', 6, 21),
('ChIJ4e-5v05JXhMRDZp4UgNSSqg', 'Saturday', 7, 32),
('ChIJ4e-5v05JXhMRDZp4UgNSSqg', 'Saturday', 8, 44),
('ChIJ4e-5v05JXhMRDZp4UgNSSqg', 'Saturday', 9, 57),
('ChIJ4e-5v05JXhMRDZp4UgNSSqg', 'Saturday', 10, 67),
('ChIJ4e-5v05JXhMRDZp4UgNSSqg', 'Saturday', 11, 70),
('ChIJ4e-5v05JXhMRDZp4UgNSSqg', 'Saturday', 12, 64),
('ChIJ4e-5v05JXhMRDZp4UgNSSqg', 'Saturday', 13, 53),
('ChIJ4e-5v05JXhMRDZp4UgNSSqg', 'Saturday', 14, 40),
('ChIJ4e-5v05JXhMRDZp4UgNSSqg', 'Saturday', 15, 32),
('ChIJ4e-5v05JXhMRDZp4UgNSSqg', 'Saturday', 16, 32),
('ChIJ4e-5v05JXhMRDZp4UgNSSqg', 'Saturday', 17, 35),
('ChIJ4e-5v05JXhMRDZp4UgNSSqg', 'Saturday', 18, 37),
('ChIJ4e-5v05JXhMRDZp4UgNSSqg', 'Saturday', 19, 35),
('ChIJ4e-5v05JXhMRDZp4UgNSSqg', 'Saturday', 20, 27),
('ChIJ4e-5v05JXhMRDZp4UgNSSqg', 'Saturday', 21, 17),
('ChIJ4e-5v05JXhMRDZp4UgNSSqg', 'Saturday', 22, 0),
('ChIJ4e-5v05JXhMRDZp4UgNSSqg', 'Saturday', 23, 0),
('ChIJ4e-5v05JXhMRDZp4UgNSSqg', 'Sunday', 0, 0),
('ChIJ4e-5v05JXhMRDZp4UgNSSqg', 'Sunday', 1, 0),
('ChIJ4e-5v05JXhMRDZp4UgNSSqg', 'Sunday', 2, 0),
('ChIJ4e-5v05JXhMRDZp4UgNSSqg', 'Sunday', 3, 0),
('ChIJ4e-5v05JXhMRDZp4UgNSSqg', 'Sunday', 4, 0),
('ChIJ4e-5v05JXhMRDZp4UgNSSqg', 'Sunday', 5, 0),
('ChIJ4e-5v05JXhMRDZp4UgNSSqg', 'Sunday', 6, 0),
('ChIJ4e-5v05JXhMRDZp4UgNSSqg', 'Sunday', 7, 14),
('ChIJ4e-5v05JXhMRDZp4UgNSSqg', 'Sunday', 8, 20),
('ChIJ4e-5v05JXhMRDZp4UgNSSqg', 'Sunday', 9, 35),
('ChIJ4e-5v05JXhMRDZp4UgNSSqg', 'Sunday', 10, 58),
('ChIJ4e-5v05JXhMRDZp4UgNSSqg', 'Sunday', 11, 84),
('ChIJ4e-5v05JXhMRDZp4UgNSSqg', 'Sunday', 12, 100),
('ChIJ4e-5v05JXhMRDZp4UgNSSqg', 'Sunday', 13, 95),
('ChIJ4e-5v05JXhMRDZp4UgNSSqg', 'Sunday', 14, 76),
('ChIJ4e-5v05JXhMRDZp4UgNSSqg', 'Sunday', 15, 57),
('ChIJ4e-5v05JXhMRDZp4UgNSSqg', 'Sunday', 16, 46),
('ChIJ4e-5v05JXhMRDZp4UgNSSqg', 'Sunday', 17, 40),
('ChIJ4e-5v05JXhMRDZp4UgNSSqg', 'Sunday', 18, 35),
('ChIJ4e-5v05JXhMRDZp4UgNSSqg', 'Sunday', 19, 27),
('ChIJ4e-5v05JXhMRDZp4UgNSSqg', 'Sunday', 20, 18),
('ChIJ4e-5v05JXhMRDZp4UgNSSqg', 'Sunday', 21, 0),
('ChIJ4e-5v05JXhMRDZp4UgNSSqg', 'Sunday', 22, 0),
('ChIJ4e-5v05JXhMRDZp4UgNSSqg', 'Sunday', 23, 0),
('ChIJ4e-5v05JXhMRDZp4UgNSSqg', 'Thursday', 0, 0),
('ChIJ4e-5v05JXhMRDZp4UgNSSqg', 'Thursday', 1, 0),
('ChIJ4e-5v05JXhMRDZp4UgNSSqg', 'Thursday', 2, 0),
('ChIJ4e-5v05JXhMRDZp4UgNSSqg', 'Thursday', 3, 0),
('ChIJ4e-5v05JXhMRDZp4UgNSSqg', 'Thursday', 4, 0),
('ChIJ4e-5v05JXhMRDZp4UgNSSqg', 'Thursday', 5, 12),
('ChIJ4e-5v05JXhMRDZp4UgNSSqg', 'Thursday', 6, 26),
('ChIJ4e-5v05JXhMRDZp4UgNSSqg', 'Thursday', 7, 45),
('ChIJ4e-5v05JXhMRDZp4UgNSSqg', 'Thursday', 8, 62),
('ChIJ4e-5v05JXhMRDZp4UgNSSqg', 'Thursday', 9, 71),
('ChIJ4e-5v05JXhMRDZp4UgNSSqg', 'Thursday', 10, 79),
('ChIJ4e-5v05JXhMRDZp4UgNSSqg', 'Thursday', 11, 92),
('ChIJ4e-5v05JXhMRDZp4UgNSSqg', 'Thursday', 12, 94),
('ChIJ4e-5v05JXhMRDZp4UgNSSqg', 'Thursday', 13, 70),
('ChIJ4e-5v05JXhMRDZp4UgNSSqg', 'Thursday', 14, 36),
('ChIJ4e-5v05JXhMRDZp4UgNSSqg', 'Thursday', 15, 13),
('ChIJ4e-5v05JXhMRDZp4UgNSSqg', 'Thursday', 16, 8),
('ChIJ4e-5v05JXhMRDZp4UgNSSqg', 'Thursday', 17, 13),
('ChIJ4e-5v05JXhMRDZp4UgNSSqg', 'Thursday', 18, 24),
('ChIJ4e-5v05JXhMRDZp4UgNSSqg', 'Thursday', 19, 30),
('ChIJ4e-5v05JXhMRDZp4UgNSSqg', 'Thursday', 20, 28),
('ChIJ4e-5v05JXhMRDZp4UgNSSqg', 'Thursday', 21, 19),
('ChIJ4e-5v05JXhMRDZp4UgNSSqg', 'Thursday', 22, 0),
('ChIJ4e-5v05JXhMRDZp4UgNSSqg', 'Thursday', 23, 0),
('ChIJ4e-5v05JXhMRDZp4UgNSSqg', 'Tuesday', 0, 0),
('ChIJ4e-5v05JXhMRDZp4UgNSSqg', 'Tuesday', 1, 0),
('ChIJ4e-5v05JXhMRDZp4UgNSSqg', 'Tuesday', 2, 0),
('ChIJ4e-5v05JXhMRDZp4UgNSSqg', 'Tuesday', 3, 0),
('ChIJ4e-5v05JXhMRDZp4UgNSSqg', 'Tuesday', 4, 0),
('ChIJ4e-5v05JXhMRDZp4UgNSSqg', 'Tuesday', 5, 19),
('ChIJ4e-5v05JXhMRDZp4UgNSSqg', 'Tuesday', 6, 29),
('ChIJ4e-5v05JXhMRDZp4UgNSSqg', 'Tuesday', 7, 40),
('ChIJ4e-5v05JXhMRDZp4UgNSSqg', 'Tuesday', 8, 46),
('ChIJ4e-5v05JXhMRDZp4UgNSSqg', 'Tuesday', 9, 48),
('ChIJ4e-5v05JXhMRDZp4UgNSSqg', 'Tuesday', 10, 56),
('ChIJ4e-5v05JXhMRDZp4UgNSSqg', 'Tuesday', 11, 75),
('ChIJ4e-5v05JXhMRDZp4UgNSSqg', 'Tuesday', 12, 84),
('ChIJ4e-5v05JXhMRDZp4UgNSSqg', 'Tuesday', 13, 63),
('ChIJ4e-5v05JXhMRDZp4UgNSSqg', 'Tuesday', 14, 31),
('ChIJ4e-5v05JXhMRDZp4UgNSSqg', 'Tuesday', 15, 16),
('ChIJ4e-5v05JXhMRDZp4UgNSSqg', 'Tuesday', 16, 18),
('ChIJ4e-5v05JXhMRDZp4UgNSSqg', 'Tuesday', 17, 25),
('ChIJ4e-5v05JXhMRDZp4UgNSSqg', 'Tuesday', 18, 32),
('ChIJ4e-5v05JXhMRDZp4UgNSSqg', 'Tuesday', 19, 34),
('ChIJ4e-5v05JXhMRDZp4UgNSSqg', 'Tuesday', 20, 31),
('ChIJ4e-5v05JXhMRDZp4UgNSSqg', 'Tuesday', 21, 23),
('ChIJ4e-5v05JXhMRDZp4UgNSSqg', 'Tuesday', 22, 0),
('ChIJ4e-5v05JXhMRDZp4UgNSSqg', 'Tuesday', 23, 0),
('ChIJ4e-5v05JXhMRDZp4UgNSSqg', 'Wednesday', 0, 0),
('ChIJ4e-5v05JXhMRDZp4UgNSSqg', 'Wednesday', 1, 0),
('ChIJ4e-5v05JXhMRDZp4UgNSSqg', 'Wednesday', 2, 0),
('ChIJ4e-5v05JXhMRDZp4UgNSSqg', 'Wednesday', 3, 0),
('ChIJ4e-5v05JXhMRDZp4UgNSSqg', 'Wednesday', 4, 0),
('ChIJ4e-5v05JXhMRDZp4UgNSSqg', 'Wednesday', 5, 14),
('ChIJ4e-5v05JXhMRDZp4UgNSSqg', 'Wednesday', 6, 26),
('ChIJ4e-5v05JXhMRDZp4UgNSSqg', 'Wednesday', 7, 41),
('ChIJ4e-5v05JXhMRDZp4UgNSSqg', 'Wednesday', 8, 58),
('ChIJ4e-5v05JXhMRDZp4UgNSSqg', 'Wednesday', 9, 72),
('ChIJ4e-5v05JXhMRDZp4UgNSSqg', 'Wednesday', 10, 77),
('ChIJ4e-5v05JXhMRDZp4UgNSSqg', 'Wednesday', 11, 73),
('ChIJ4e-5v05JXhMRDZp4UgNSSqg', 'Wednesday', 12, 62),
('ChIJ4e-5v05JXhMRDZp4UgNSSqg', 'Wednesday', 13, 48),
('ChIJ4e-5v05JXhMRDZp4UgNSSqg', 'Wednesday', 14, 36),
('ChIJ4e-5v05JXhMRDZp4UgNSSqg', 'Wednesday', 15, 29),
('ChIJ4e-5v05JXhMRDZp4UgNSSqg', 'Wednesday', 16, 27),
('ChIJ4e-5v05JXhMRDZp4UgNSSqg', 'Wednesday', 17, 26),
('ChIJ4e-5v05JXhMRDZp4UgNSSqg', 'Wednesday', 18, 26),
('ChIJ4e-5v05JXhMRDZp4UgNSSqg', 'Wednesday', 19, 24),
('ChIJ4e-5v05JXhMRDZp4UgNSSqg', 'Wednesday', 20, 20),
('ChIJ4e-5v05JXhMRDZp4UgNSSqg', 'Wednesday', 21, 15),
('ChIJ4e-5v05JXhMRDZp4UgNSSqg', 'Wednesday', 22, 0),
('ChIJ4e-5v05JXhMRDZp4UgNSSqg', 'Wednesday', 23, 0),
('ChIJ8yJ6relJXhMRo2XqEv0keZU', 'Friday', 0, 0),
('ChIJ8yJ6relJXhMRo2XqEv0keZU', 'Friday', 1, 0),
('ChIJ8yJ6relJXhMRo2XqEv0keZU', 'Friday', 2, 0),
('ChIJ8yJ6relJXhMRo2XqEv0keZU', 'Friday', 3, 0),
('ChIJ8yJ6relJXhMRo2XqEv0keZU', 'Friday', 4, 0),
('ChIJ8yJ6relJXhMRo2XqEv0keZU', 'Friday', 5, 0),
('ChIJ8yJ6relJXhMRo2XqEv0keZU', 'Friday', 6, 0),
('ChIJ8yJ6relJXhMRo2XqEv0keZU', 'Friday', 7, 0),
('ChIJ8yJ6relJXhMRo2XqEv0keZU', 'Friday', 8, 12),
('ChIJ8yJ6relJXhMRo2XqEv0keZU', 'Friday', 9, 26),
('ChIJ8yJ6relJXhMRo2XqEv0keZU', 'Friday', 10, 44),
('ChIJ8yJ6relJXhMRo2XqEv0keZU', 'Friday', 11, 60),
('ChIJ8yJ6relJXhMRo2XqEv0keZU', 'Friday', 12, 69),
('ChIJ8yJ6relJXhMRo2XqEv0keZU', 'Friday', 13, 64),
('ChIJ8yJ6relJXhMRo2XqEv0keZU', 'Friday', 14, 51),
('ChIJ8yJ6relJXhMRo2XqEv0keZU', 'Friday', 15, 36),
('ChIJ8yJ6relJXhMRo2XqEv0keZU', 'Friday', 16, 32),
('ChIJ8yJ6relJXhMRo2XqEv0keZU', 'Friday', 17, 47),
('ChIJ8yJ6relJXhMRo2XqEv0keZU', 'Friday', 18, 67),
('ChIJ8yJ6relJXhMRo2XqEv0keZU', 'Friday', 19, 68),
('ChIJ8yJ6relJXhMRo2XqEv0keZU', 'Friday', 20, 42),
('ChIJ8yJ6relJXhMRo2XqEv0keZU', 'Friday', 21, 0),
('ChIJ8yJ6relJXhMRo2XqEv0keZU', 'Friday', 22, 0),
('ChIJ8yJ6relJXhMRo2XqEv0keZU', 'Friday', 23, 0),
('ChIJ8yJ6relJXhMRo2XqEv0keZU', 'Monday', 0, 0),
('ChIJ8yJ6relJXhMRo2XqEv0keZU', 'Monday', 1, 0),
('ChIJ8yJ6relJXhMRo2XqEv0keZU', 'Monday', 2, 0),
('ChIJ8yJ6relJXhMRo2XqEv0keZU', 'Monday', 3, 0),
('ChIJ8yJ6relJXhMRo2XqEv0keZU', 'Monday', 4, 0),
('ChIJ8yJ6relJXhMRo2XqEv0keZU', 'Monday', 5, 0),
('ChIJ8yJ6relJXhMRo2XqEv0keZU', 'Monday', 6, 0),
('ChIJ8yJ6relJXhMRo2XqEv0keZU', 'Monday', 7, 0),
('ChIJ8yJ6relJXhMRo2XqEv0keZU', 'Monday', 8, 19),
('ChIJ8yJ6relJXhMRo2XqEv0keZU', 'Monday', 9, 38),
('ChIJ8yJ6relJXhMRo2XqEv0keZU', 'Monday', 10, 60),
('ChIJ8yJ6relJXhMRo2XqEv0keZU', 'Monday', 11, 79),
('ChIJ8yJ6relJXhMRo2XqEv0keZU', 'Monday', 12, 89),
('ChIJ8yJ6relJXhMRo2XqEv0keZU', 'Monday', 13, 86),
('ChIJ8yJ6relJXhMRo2XqEv0keZU', 'Monday', 14, 70),
('ChIJ8yJ6relJXhMRo2XqEv0keZU', 'Monday', 15, 50),
('ChIJ8yJ6relJXhMRo2XqEv0keZU', 'Monday', 16, 33),
('ChIJ8yJ6relJXhMRo2XqEv0keZU', 'Monday', 17, 40),
('ChIJ8yJ6relJXhMRo2XqEv0keZU', 'Monday', 18, 71),
('ChIJ8yJ6relJXhMRo2XqEv0keZU', 'Monday', 19, 83),
('ChIJ8yJ6relJXhMRo2XqEv0keZU', 'Monday', 20, 49),
('ChIJ8yJ6relJXhMRo2XqEv0keZU', 'Monday', 21, 0),
('ChIJ8yJ6relJXhMRo2XqEv0keZU', 'Monday', 22, 0),
('ChIJ8yJ6relJXhMRo2XqEv0keZU', 'Monday', 23, 0),
('ChIJ8yJ6relJXhMRo2XqEv0keZU', 'Saturday', 0, 0),
('ChIJ8yJ6relJXhMRo2XqEv0keZU', 'Saturday', 1, 0),
('ChIJ8yJ6relJXhMRo2XqEv0keZU', 'Saturday', 2, 0),
('ChIJ8yJ6relJXhMRo2XqEv0keZU', 'Saturday', 3, 0),
('ChIJ8yJ6relJXhMRo2XqEv0keZU', 'Saturday', 4, 0),
('ChIJ8yJ6relJXhMRo2XqEv0keZU', 'Saturday', 5, 0),
('ChIJ8yJ6relJXhMRo2XqEv0keZU', 'Saturday', 6, 0),
('ChIJ8yJ6relJXhMRo2XqEv0keZU', 'Saturday', 7, 0),
('ChIJ8yJ6relJXhMRo2XqEv0keZU', 'Saturday', 8, 5),
('ChIJ8yJ6relJXhMRo2XqEv0keZU', 'Saturday', 9, 21),
('ChIJ8yJ6relJXhMRo2XqEv0keZU', 'Saturday', 10, 44),
('ChIJ8yJ6relJXhMRo2XqEv0keZU', 'Saturday', 11, 67),
('ChIJ8yJ6relJXhMRo2XqEv0keZU', 'Saturday', 12, 80),
('ChIJ8yJ6relJXhMRo2XqEv0keZU', 'Saturday', 13, 78),
('ChIJ8yJ6relJXhMRo2XqEv0keZU', 'Saturday', 14, 64),
('ChIJ8yJ6relJXhMRo2XqEv0keZU', 'Saturday', 15, 49),
('ChIJ8yJ6relJXhMRo2XqEv0keZU', 'Saturday', 16, 38),
('ChIJ8yJ6relJXhMRo2XqEv0keZU', 'Saturday', 17, 32),
('ChIJ8yJ6relJXhMRo2XqEv0keZU', 'Saturday', 18, 25),
('ChIJ8yJ6relJXhMRo2XqEv0keZU', 'Saturday', 19, 16),
('ChIJ8yJ6relJXhMRo2XqEv0keZU', 'Saturday', 20, 0),
('ChIJ8yJ6relJXhMRo2XqEv0keZU', 'Saturday', 21, 0),
('ChIJ8yJ6relJXhMRo2XqEv0keZU', 'Saturday', 22, 0),
('ChIJ8yJ6relJXhMRo2XqEv0keZU', 'Saturday', 23, 0),
('ChIJ8yJ6relJXhMRo2XqEv0keZU', 'Sunday', 0, 0),
('ChIJ8yJ6relJXhMRo2XqEv0keZU', 'Sunday', 1, 0),
('ChIJ8yJ6relJXhMRo2XqEv0keZU', 'Sunday', 2, 0),
('ChIJ8yJ6relJXhMRo2XqEv0keZU', 'Sunday', 3, 0),
('ChIJ8yJ6relJXhMRo2XqEv0keZU', 'Sunday', 4, 0),
('ChIJ8yJ6relJXhMRo2XqEv0keZU', 'Sunday', 5, 0),
('ChIJ8yJ6relJXhMRo2XqEv0keZU', 'Sunday', 6, 0),
('ChIJ8yJ6relJXhMRo2XqEv0keZU', 'Sunday', 7, 0),
('ChIJ8yJ6relJXhMRo2XqEv0keZU', 'Sunday', 8, 0),
('ChIJ8yJ6relJXhMRo2XqEv0keZU', 'Sunday', 9, 0),
('ChIJ8yJ6relJXhMRo2XqEv0keZU', 'Sunday', 10, 0),
('ChIJ8yJ6relJXhMRo2XqEv0keZU', 'Sunday', 11, 0),
('ChIJ8yJ6relJXhMRo2XqEv0keZU', 'Sunday', 12, 0),
('ChIJ8yJ6relJXhMRo2XqEv0keZU', 'Sunday', 13, 0),
('ChIJ8yJ6relJXhMRo2XqEv0keZU', 'Sunday', 14, 0),
('ChIJ8yJ6relJXhMRo2XqEv0keZU', 'Sunday', 15, 0),
('ChIJ8yJ6relJXhMRo2XqEv0keZU', 'Sunday', 16, 0),
('ChIJ8yJ6relJXhMRo2XqEv0keZU', 'Sunday', 17, 0),
('ChIJ8yJ6relJXhMRo2XqEv0keZU', 'Sunday', 18, 0),
('ChIJ8yJ6relJXhMRo2XqEv0keZU', 'Sunday', 19, 0),
('ChIJ8yJ6relJXhMRo2XqEv0keZU', 'Sunday', 20, 0),
('ChIJ8yJ6relJXhMRo2XqEv0keZU', 'Sunday', 21, 0),
('ChIJ8yJ6relJXhMRo2XqEv0keZU', 'Sunday', 22, 0),
('ChIJ8yJ6relJXhMRo2XqEv0keZU', 'Sunday', 23, 0),
('ChIJ8yJ6relJXhMRo2XqEv0keZU', 'Thursday', 0, 0),
('ChIJ8yJ6relJXhMRo2XqEv0keZU', 'Thursday', 1, 0),
('ChIJ8yJ6relJXhMRo2XqEv0keZU', 'Thursday', 2, 0),
('ChIJ8yJ6relJXhMRo2XqEv0keZU', 'Thursday', 3, 0),
('ChIJ8yJ6relJXhMRo2XqEv0keZU', 'Thursday', 4, 0),
('ChIJ8yJ6relJXhMRo2XqEv0keZU', 'Thursday', 5, 0),
('ChIJ8yJ6relJXhMRo2XqEv0keZU', 'Thursday', 6, 0),
('ChIJ8yJ6relJXhMRo2XqEv0keZU', 'Thursday', 7, 0),
('ChIJ8yJ6relJXhMRo2XqEv0keZU', 'Thursday', 8, 16),
('ChIJ8yJ6relJXhMRo2XqEv0keZU', 'Thursday', 9, 30),
('ChIJ8yJ6relJXhMRo2XqEv0keZU', 'Thursday', 10, 45),
('ChIJ8yJ6relJXhMRo2XqEv0keZU', 'Thursday', 11, 59),
('ChIJ8yJ6relJXhMRo2XqEv0keZU', 'Thursday', 12, 67),
('ChIJ8yJ6relJXhMRo2XqEv0keZU', 'Thursday', 13, 66),
('ChIJ8yJ6relJXhMRo2XqEv0keZU', 'Thursday', 14, 57),
('ChIJ8yJ6relJXhMRo2XqEv0keZU', 'Thursday', 15, 46),
('ChIJ8yJ6relJXhMRo2XqEv0keZU', 'Thursday', 16, 40),
('ChIJ8yJ6relJXhMRo2XqEv0keZU', 'Thursday', 17, 46),
('ChIJ8yJ6relJXhMRo2XqEv0keZU', 'Thursday', 18, 60),
('ChIJ8yJ6relJXhMRo2XqEv0keZU', 'Thursday', 19, 64),
('ChIJ8yJ6relJXhMRo2XqEv0keZU', 'Thursday', 20, 49),
('ChIJ8yJ6relJXhMRo2XqEv0keZU', 'Thursday', 21, 0),
('ChIJ8yJ6relJXhMRo2XqEv0keZU', 'Thursday', 22, 0),
('ChIJ8yJ6relJXhMRo2XqEv0keZU', 'Thursday', 23, 0),
('ChIJ8yJ6relJXhMRo2XqEv0keZU', 'Tuesday', 0, 0),
('ChIJ8yJ6relJXhMRo2XqEv0keZU', 'Tuesday', 1, 0),
('ChIJ8yJ6relJXhMRo2XqEv0keZU', 'Tuesday', 2, 0),
('ChIJ8yJ6relJXhMRo2XqEv0keZU', 'Tuesday', 3, 0),
('ChIJ8yJ6relJXhMRo2XqEv0keZU', 'Tuesday', 4, 0),
('ChIJ8yJ6relJXhMRo2XqEv0keZU', 'Tuesday', 5, 0),
('ChIJ8yJ6relJXhMRo2XqEv0keZU', 'Tuesday', 6, 0),
('ChIJ8yJ6relJXhMRo2XqEv0keZU', 'Tuesday', 7, 0),
('ChIJ8yJ6relJXhMRo2XqEv0keZU', 'Tuesday', 8, 16),
('ChIJ8yJ6relJXhMRo2XqEv0keZU', 'Tuesday', 9, 32),
('ChIJ8yJ6relJXhMRo2XqEv0keZU', 'Tuesday', 10, 49),
('ChIJ8yJ6relJXhMRo2XqEv0keZU', 'Tuesday', 11, 65),
('ChIJ8yJ6relJXhMRo2XqEv0keZU', 'Tuesday', 12, 74),
('ChIJ8yJ6relJXhMRo2XqEv0keZU', 'Tuesday', 13, 73),
('ChIJ8yJ6relJXhMRo2XqEv0keZU', 'Tuesday', 14, 62),
('ChIJ8yJ6relJXhMRo2XqEv0keZU', 'Tuesday', 15, 46),
('ChIJ8yJ6relJXhMRo2XqEv0keZU', 'Tuesday', 16, 37),
('ChIJ8yJ6relJXhMRo2XqEv0keZU', 'Tuesday', 17, 53),
('ChIJ8yJ6relJXhMRo2XqEv0keZU', 'Tuesday', 18, 84),
('ChIJ8yJ6relJXhMRo2XqEv0keZU', 'Tuesday', 19, 88),
('ChIJ8yJ6relJXhMRo2XqEv0keZU', 'Tuesday', 20, 49),
('ChIJ8yJ6relJXhMRo2XqEv0keZU', 'Tuesday', 21, 0),
('ChIJ8yJ6relJXhMRo2XqEv0keZU', 'Tuesday', 22, 0),
('ChIJ8yJ6relJXhMRo2XqEv0keZU', 'Tuesday', 23, 0),
('ChIJ8yJ6relJXhMRo2XqEv0keZU', 'Wednesday', 0, 0),
('ChIJ8yJ6relJXhMRo2XqEv0keZU', 'Wednesday', 1, 0),
('ChIJ8yJ6relJXhMRo2XqEv0keZU', 'Wednesday', 2, 0),
('ChIJ8yJ6relJXhMRo2XqEv0keZU', 'Wednesday', 3, 0),
('ChIJ8yJ6relJXhMRo2XqEv0keZU', 'Wednesday', 4, 0),
('ChIJ8yJ6relJXhMRo2XqEv0keZU', 'Wednesday', 5, 0),
('ChIJ8yJ6relJXhMRo2XqEv0keZU', 'Wednesday', 6, 0),
('ChIJ8yJ6relJXhMRo2XqEv0keZU', 'Wednesday', 7, 0),
('ChIJ8yJ6relJXhMRo2XqEv0keZU', 'Wednesday', 8, 12),
('ChIJ8yJ6relJXhMRo2XqEv0keZU', 'Wednesday', 9, 35),
('ChIJ8yJ6relJXhMRo2XqEv0keZU', 'Wednesday', 10, 51),
('ChIJ8yJ6relJXhMRo2XqEv0keZU', 'Wednesday', 11, 58),
('ChIJ8yJ6relJXhMRo2XqEv0keZU', 'Wednesday', 12, 81),
('ChIJ8yJ6relJXhMRo2XqEv0keZU', 'Wednesday', 13, 100),
('ChIJ8yJ6relJXhMRo2XqEv0keZU', 'Wednesday', 14, 78),
('ChIJ8yJ6relJXhMRo2XqEv0keZU', 'Wednesday', 15, 52),
('ChIJ8yJ6relJXhMRo2XqEv0keZU', 'Wednesday', 16, 46),
('ChIJ8yJ6relJXhMRo2XqEv0keZU', 'Wednesday', 17, 46),
('ChIJ8yJ6relJXhMRo2XqEv0keZU', 'Wednesday', 18, 44),
('ChIJ8yJ6relJXhMRo2XqEv0keZU', 'Wednesday', 19, 40),
('ChIJ8yJ6relJXhMRo2XqEv0keZU', 'Wednesday', 20, 33),
('ChIJ8yJ6relJXhMRo2XqEv0keZU', 'Wednesday', 21, 0),
('ChIJ8yJ6relJXhMRo2XqEv0keZU', 'Wednesday', 22, 0),
('ChIJ8yJ6relJXhMRo2XqEv0keZU', 'Wednesday', 23, 0),
('ChIJaczbf8JJXhMR9QcBFbdskRA', 'Friday', 0, 0),
('ChIJaczbf8JJXhMR9QcBFbdskRA', 'Friday', 1, 0),
('ChIJaczbf8JJXhMR9QcBFbdskRA', 'Friday', 2, 0),
('ChIJaczbf8JJXhMR9QcBFbdskRA', 'Friday', 3, 0),
('ChIJaczbf8JJXhMR9QcBFbdskRA', 'Friday', 4, 0),
('ChIJaczbf8JJXhMR9QcBFbdskRA', 'Friday', 5, 0),
('ChIJaczbf8JJXhMR9QcBFbdskRA', 'Friday', 6, 0),
('ChIJaczbf8JJXhMR9QcBFbdskRA', 'Friday', 7, 0),
('ChIJaczbf8JJXhMR9QcBFbdskRA', 'Friday', 8, 0),
('ChIJaczbf8JJXhMR9QcBFbdskRA', 'Friday', 9, 72),
('ChIJaczbf8JJXhMR9QcBFbdskRA', 'Friday', 10, 100),
('ChIJaczbf8JJXhMR9QcBFbdskRA', 'Friday', 11, 75),
('ChIJaczbf8JJXhMR9QcBFbdskRA', 'Friday', 12, 44),
('ChIJaczbf8JJXhMR9QcBFbdskRA', 'Friday', 13, 17),
('ChIJaczbf8JJXhMR9QcBFbdskRA', 'Friday', 14, 0),
('ChIJaczbf8JJXhMR9QcBFbdskRA', 'Friday', 15, 0),
('ChIJaczbf8JJXhMR9QcBFbdskRA', 'Friday', 16, 0),
('ChIJaczbf8JJXhMR9QcBFbdskRA', 'Friday', 17, 0),
('ChIJaczbf8JJXhMR9QcBFbdskRA', 'Friday', 18, 3),
('ChIJaczbf8JJXhMR9QcBFbdskRA', 'Friday', 19, 3),
('ChIJaczbf8JJXhMR9QcBFbdskRA', 'Friday', 20, 0),
('ChIJaczbf8JJXhMR9QcBFbdskRA', 'Friday', 21, 0),
('ChIJaczbf8JJXhMR9QcBFbdskRA', 'Friday', 22, 0),
('ChIJaczbf8JJXhMR9QcBFbdskRA', 'Friday', 23, 0),
('ChIJaczbf8JJXhMR9QcBFbdskRA', 'Monday', 0, 0),
('ChIJaczbf8JJXhMR9QcBFbdskRA', 'Monday', 1, 0),
('ChIJaczbf8JJXhMR9QcBFbdskRA', 'Monday', 2, 0),
('ChIJaczbf8JJXhMR9QcBFbdskRA', 'Monday', 3, 0),
('ChIJaczbf8JJXhMR9QcBFbdskRA', 'Monday', 4, 0),
('ChIJaczbf8JJXhMR9QcBFbdskRA', 'Monday', 5, 0),
('ChIJaczbf8JJXhMR9QcBFbdskRA', 'Monday', 6, 0),
('ChIJaczbf8JJXhMR9QcBFbdskRA', 'Monday', 7, 0),
('ChIJaczbf8JJXhMR9QcBFbdskRA', 'Monday', 8, 0),
('ChIJaczbf8JJXhMR9QcBFbdskRA', 'Monday', 9, 44),
('ChIJaczbf8JJXhMR9QcBFbdskRA', 'Monday', 10, 55),
('ChIJaczbf8JJXhMR9QcBFbdskRA', 'Monday', 11, 51),
('ChIJaczbf8JJXhMR9QcBFbdskRA', 'Monday', 12, 41),
('ChIJaczbf8JJXhMR9QcBFbdskRA', 'Monday', 13, 24),
('ChIJaczbf8JJXhMR9QcBFbdskRA', 'Monday', 14, 0),
('ChIJaczbf8JJXhMR9QcBFbdskRA', 'Monday', 15, 0),
('ChIJaczbf8JJXhMR9QcBFbdskRA', 'Monday', 16, 0),
('ChIJaczbf8JJXhMR9QcBFbdskRA', 'Monday', 17, 0),
('ChIJaczbf8JJXhMR9QcBFbdskRA', 'Monday', 18, 0),
('ChIJaczbf8JJXhMR9QcBFbdskRA', 'Monday', 19, 0),
('ChIJaczbf8JJXhMR9QcBFbdskRA', 'Monday', 20, 0),
('ChIJaczbf8JJXhMR9QcBFbdskRA', 'Monday', 21, 0),
('ChIJaczbf8JJXhMR9QcBFbdskRA', 'Monday', 22, 0),
('ChIJaczbf8JJXhMR9QcBFbdskRA', 'Monday', 23, 0),
('ChIJaczbf8JJXhMR9QcBFbdskRA', 'Saturday', 0, 0),
('ChIJaczbf8JJXhMR9QcBFbdskRA', 'Saturday', 1, 0),
('ChIJaczbf8JJXhMR9QcBFbdskRA', 'Saturday', 2, 0),
('ChIJaczbf8JJXhMR9QcBFbdskRA', 'Saturday', 3, 0),
('ChIJaczbf8JJXhMR9QcBFbdskRA', 'Saturday', 4, 0),
('ChIJaczbf8JJXhMR9QcBFbdskRA', 'Saturday', 5, 0),
('ChIJaczbf8JJXhMR9QcBFbdskRA', 'Saturday', 6, 0),
('ChIJaczbf8JJXhMR9QcBFbdskRA', 'Saturday', 7, 0),
('ChIJaczbf8JJXhMR9QcBFbdskRA', 'Saturday', 8, 0),
('ChIJaczbf8JJXhMR9QcBFbdskRA', 'Saturday', 9, 41),
('ChIJaczbf8JJXhMR9QcBFbdskRA', 'Saturday', 10, 65),
('ChIJaczbf8JJXhMR9QcBFbdskRA', 'Saturday', 11, 51),
('ChIJaczbf8JJXhMR9QcBFbdskRA', 'Saturday', 12, 17),
('ChIJaczbf8JJXhMR9QcBFbdskRA', 'Saturday', 13, 0),
('ChIJaczbf8JJXhMR9QcBFbdskRA', 'Saturday', 14, 0),
('ChIJaczbf8JJXhMR9QcBFbdskRA', 'Saturday', 15, 0),
('ChIJaczbf8JJXhMR9QcBFbdskRA', 'Saturday', 16, 0),
('ChIJaczbf8JJXhMR9QcBFbdskRA', 'Saturday', 17, 0),
('ChIJaczbf8JJXhMR9QcBFbdskRA', 'Saturday', 18, 0),
('ChIJaczbf8JJXhMR9QcBFbdskRA', 'Saturday', 19, 0),
('ChIJaczbf8JJXhMR9QcBFbdskRA', 'Saturday', 20, 0),
('ChIJaczbf8JJXhMR9QcBFbdskRA', 'Saturday', 21, 0),
('ChIJaczbf8JJXhMR9QcBFbdskRA', 'Saturday', 22, 0),
('ChIJaczbf8JJXhMR9QcBFbdskRA', 'Saturday', 23, 0),
('ChIJaczbf8JJXhMR9QcBFbdskRA', 'Sunday', 0, 0),
('ChIJaczbf8JJXhMR9QcBFbdskRA', 'Sunday', 1, 0),
('ChIJaczbf8JJXhMR9QcBFbdskRA', 'Sunday', 2, 0),
('ChIJaczbf8JJXhMR9QcBFbdskRA', 'Sunday', 3, 0),
('ChIJaczbf8JJXhMR9QcBFbdskRA', 'Sunday', 4, 0),
('ChIJaczbf8JJXhMR9QcBFbdskRA', 'Sunday', 5, 0),
('ChIJaczbf8JJXhMR9QcBFbdskRA', 'Sunday', 6, 0),
('ChIJaczbf8JJXhMR9QcBFbdskRA', 'Sunday', 7, 0),
('ChIJaczbf8JJXhMR9QcBFbdskRA', 'Sunday', 8, 0),
('ChIJaczbf8JJXhMR9QcBFbdskRA', 'Sunday', 9, 0),
('ChIJaczbf8JJXhMR9QcBFbdskRA', 'Sunday', 10, 0),
('ChIJaczbf8JJXhMR9QcBFbdskRA', 'Sunday', 11, 0),
('ChIJaczbf8JJXhMR9QcBFbdskRA', 'Sunday', 12, 0),
('ChIJaczbf8JJXhMR9QcBFbdskRA', 'Sunday', 13, 0),
('ChIJaczbf8JJXhMR9QcBFbdskRA', 'Sunday', 14, 0),
('ChIJaczbf8JJXhMR9QcBFbdskRA', 'Sunday', 15, 0),
('ChIJaczbf8JJXhMR9QcBFbdskRA', 'Sunday', 16, 0),
('ChIJaczbf8JJXhMR9QcBFbdskRA', 'Sunday', 17, 0),
('ChIJaczbf8JJXhMR9QcBFbdskRA', 'Sunday', 18, 0),
('ChIJaczbf8JJXhMR9QcBFbdskRA', 'Sunday', 19, 0),
('ChIJaczbf8JJXhMR9QcBFbdskRA', 'Sunday', 20, 0),
('ChIJaczbf8JJXhMR9QcBFbdskRA', 'Sunday', 21, 0),
('ChIJaczbf8JJXhMR9QcBFbdskRA', 'Sunday', 22, 0),
('ChIJaczbf8JJXhMR9QcBFbdskRA', 'Sunday', 23, 0),
('ChIJaczbf8JJXhMR9QcBFbdskRA', 'Thursday', 0, 0),
('ChIJaczbf8JJXhMR9QcBFbdskRA', 'Thursday', 1, 0),
('ChIJaczbf8JJXhMR9QcBFbdskRA', 'Thursday', 2, 0),
('ChIJaczbf8JJXhMR9QcBFbdskRA', 'Thursday', 3, 0),
('ChIJaczbf8JJXhMR9QcBFbdskRA', 'Thursday', 4, 0),
('ChIJaczbf8JJXhMR9QcBFbdskRA', 'Thursday', 5, 0),
('ChIJaczbf8JJXhMR9QcBFbdskRA', 'Thursday', 6, 0),
('ChIJaczbf8JJXhMR9QcBFbdskRA', 'Thursday', 7, 0),
('ChIJaczbf8JJXhMR9QcBFbdskRA', 'Thursday', 8, 0),
('ChIJaczbf8JJXhMR9QcBFbdskRA', 'Thursday', 9, 55),
('ChIJaczbf8JJXhMR9QcBFbdskRA', 'Thursday', 10, 72),
('ChIJaczbf8JJXhMR9QcBFbdskRA', 'Thursday', 11, 55),
('ChIJaczbf8JJXhMR9QcBFbdskRA', 'Thursday', 12, 27),
('ChIJaczbf8JJXhMR9QcBFbdskRA', 'Thursday', 13, 6),
('ChIJaczbf8JJXhMR9QcBFbdskRA', 'Thursday', 14, 0),
('ChIJaczbf8JJXhMR9QcBFbdskRA', 'Thursday', 15, 0),
('ChIJaczbf8JJXhMR9QcBFbdskRA', 'Thursday', 16, 0),
('ChIJaczbf8JJXhMR9QcBFbdskRA', 'Thursday', 17, 6),
('ChIJaczbf8JJXhMR9QcBFbdskRA', 'Thursday', 18, 13),
('ChIJaczbf8JJXhMR9QcBFbdskRA', 'Thursday', 19, 13),
('ChIJaczbf8JJXhMR9QcBFbdskRA', 'Thursday', 20, 0),
('ChIJaczbf8JJXhMR9QcBFbdskRA', 'Thursday', 21, 0),
('ChIJaczbf8JJXhMR9QcBFbdskRA', 'Thursday', 22, 0),
('ChIJaczbf8JJXhMR9QcBFbdskRA', 'Thursday', 23, 0),
('ChIJaczbf8JJXhMR9QcBFbdskRA', 'Tuesday', 0, 0),
('ChIJaczbf8JJXhMR9QcBFbdskRA', 'Tuesday', 1, 0),
('ChIJaczbf8JJXhMR9QcBFbdskRA', 'Tuesday', 2, 0),
('ChIJaczbf8JJXhMR9QcBFbdskRA', 'Tuesday', 3, 0),
('ChIJaczbf8JJXhMR9QcBFbdskRA', 'Tuesday', 4, 0),
('ChIJaczbf8JJXhMR9QcBFbdskRA', 'Tuesday', 5, 0),
('ChIJaczbf8JJXhMR9QcBFbdskRA', 'Tuesday', 6, 0),
('ChIJaczbf8JJXhMR9QcBFbdskRA', 'Tuesday', 7, 0),
('ChIJaczbf8JJXhMR9QcBFbdskRA', 'Tuesday', 8, 0),
('ChIJaczbf8JJXhMR9QcBFbdskRA', 'Tuesday', 9, 48),
('ChIJaczbf8JJXhMR9QcBFbdskRA', 'Tuesday', 10, 62),
('ChIJaczbf8JJXhMR9QcBFbdskRA', 'Tuesday', 11, 51),
('ChIJaczbf8JJXhMR9QcBFbdskRA', 'Tuesday', 12, 27),
('ChIJaczbf8JJXhMR9QcBFbdskRA', 'Tuesday', 13, 10),
('ChIJaczbf8JJXhMR9QcBFbdskRA', 'Tuesday', 14, 0),
('ChIJaczbf8JJXhMR9QcBFbdskRA', 'Tuesday', 15, 0),
('ChIJaczbf8JJXhMR9QcBFbdskRA', 'Tuesday', 16, 0),
('ChIJaczbf8JJXhMR9QcBFbdskRA', 'Tuesday', 17, 3),
('ChIJaczbf8JJXhMR9QcBFbdskRA', 'Tuesday', 18, 10),
('ChIJaczbf8JJXhMR9QcBFbdskRA', 'Tuesday', 19, 0),
('ChIJaczbf8JJXhMR9QcBFbdskRA', 'Tuesday', 20, 0),
('ChIJaczbf8JJXhMR9QcBFbdskRA', 'Tuesday', 21, 0),
('ChIJaczbf8JJXhMR9QcBFbdskRA', 'Tuesday', 22, 0),
('ChIJaczbf8JJXhMR9QcBFbdskRA', 'Tuesday', 23, 0),
('ChIJaczbf8JJXhMR9QcBFbdskRA', 'Wednesday', 0, 0),
('ChIJaczbf8JJXhMR9QcBFbdskRA', 'Wednesday', 1, 0),
('ChIJaczbf8JJXhMR9QcBFbdskRA', 'Wednesday', 2, 0),
('ChIJaczbf8JJXhMR9QcBFbdskRA', 'Wednesday', 3, 0),
('ChIJaczbf8JJXhMR9QcBFbdskRA', 'Wednesday', 4, 0),
('ChIJaczbf8JJXhMR9QcBFbdskRA', 'Wednesday', 5, 0),
('ChIJaczbf8JJXhMR9QcBFbdskRA', 'Wednesday', 6, 0),
('ChIJaczbf8JJXhMR9QcBFbdskRA', 'Wednesday', 7, 0),
('ChIJaczbf8JJXhMR9QcBFbdskRA', 'Wednesday', 8, 0),
('ChIJaczbf8JJXhMR9QcBFbdskRA', 'Wednesday', 9, 58),
('ChIJaczbf8JJXhMR9QcBFbdskRA', 'Wednesday', 10, 72),
('ChIJaczbf8JJXhMR9QcBFbdskRA', 'Wednesday', 11, 55),
('ChIJaczbf8JJXhMR9QcBFbdskRA', 'Wednesday', 12, 24),
('ChIJaczbf8JJXhMR9QcBFbdskRA', 'Wednesday', 13, 0),
('ChIJaczbf8JJXhMR9QcBFbdskRA', 'Wednesday', 14, 0),
('ChIJaczbf8JJXhMR9QcBFbdskRA', 'Wednesday', 15, 0),
('ChIJaczbf8JJXhMR9QcBFbdskRA', 'Wednesday', 16, 0),
('ChIJaczbf8JJXhMR9QcBFbdskRA', 'Wednesday', 17, 0),
('ChIJaczbf8JJXhMR9QcBFbdskRA', 'Wednesday', 18, 3),
('ChIJaczbf8JJXhMR9QcBFbdskRA', 'Wednesday', 19, 10),
('ChIJaczbf8JJXhMR9QcBFbdskRA', 'Wednesday', 20, 0),
('ChIJaczbf8JJXhMR9QcBFbdskRA', 'Wednesday', 21, 0),
('ChIJaczbf8JJXhMR9QcBFbdskRA', 'Wednesday', 22, 0),
('ChIJaczbf8JJXhMR9QcBFbdskRA', 'Wednesday', 23, 0),
('ChIJFxIYOehJXhMRTnfIBMK7Cjw', 'Friday', 0, 0),
('ChIJFxIYOehJXhMRTnfIBMK7Cjw', 'Friday', 1, 0),
('ChIJFxIYOehJXhMRTnfIBMK7Cjw', 'Friday', 2, 0),
('ChIJFxIYOehJXhMRTnfIBMK7Cjw', 'Friday', 3, 0),
('ChIJFxIYOehJXhMRTnfIBMK7Cjw', 'Friday', 4, 0),
('ChIJFxIYOehJXhMRTnfIBMK7Cjw', 'Friday', 5, 0),
('ChIJFxIYOehJXhMRTnfIBMK7Cjw', 'Friday', 6, 0),
('ChIJFxIYOehJXhMRTnfIBMK7Cjw', 'Friday', 7, 0),
('ChIJFxIYOehJXhMRTnfIBMK7Cjw', 'Friday', 8, 0),
('ChIJFxIYOehJXhMRTnfIBMK7Cjw', 'Friday', 9, 42),
('ChIJFxIYOehJXhMRTnfIBMK7Cjw', 'Friday', 10, 68),
('ChIJFxIYOehJXhMRTnfIBMK7Cjw', 'Friday', 11, 78),
('ChIJFxIYOehJXhMRTnfIBMK7Cjw', 'Friday', 12, 66),
('ChIJFxIYOehJXhMRTnfIBMK7Cjw', 'Friday', 13, 42),
('ChIJFxIYOehJXhMRTnfIBMK7Cjw', 'Friday', 14, 19),
('ChIJFxIYOehJXhMRTnfIBMK7Cjw', 'Friday', 15, 8),
('ChIJFxIYOehJXhMRTnfIBMK7Cjw', 'Friday', 16, 14),
('ChIJFxIYOehJXhMRTnfIBMK7Cjw', 'Friday', 17, 42),
('ChIJFxIYOehJXhMRTnfIBMK7Cjw', 'Friday', 18, 71),
('ChIJFxIYOehJXhMRTnfIBMK7Cjw', 'Friday', 19, 64),
('ChIJFxIYOehJXhMRTnfIBMK7Cjw', 'Friday', 20, 33),
('ChIJFxIYOehJXhMRTnfIBMK7Cjw', 'Friday', 21, 0),
('ChIJFxIYOehJXhMRTnfIBMK7Cjw', 'Friday', 22, 0),
('ChIJFxIYOehJXhMRTnfIBMK7Cjw', 'Friday', 23, 0),
('ChIJFxIYOehJXhMRTnfIBMK7Cjw', 'Monday', 0, 0),
('ChIJFxIYOehJXhMRTnfIBMK7Cjw', 'Monday', 1, 0),
('ChIJFxIYOehJXhMRTnfIBMK7Cjw', 'Monday', 2, 0),
('ChIJFxIYOehJXhMRTnfIBMK7Cjw', 'Monday', 3, 0),
('ChIJFxIYOehJXhMRTnfIBMK7Cjw', 'Monday', 4, 0),
('ChIJFxIYOehJXhMRTnfIBMK7Cjw', 'Monday', 5, 0),
('ChIJFxIYOehJXhMRTnfIBMK7Cjw', 'Monday', 6, 0),
('ChIJFxIYOehJXhMRTnfIBMK7Cjw', 'Monday', 7, 0),
('ChIJFxIYOehJXhMRTnfIBMK7Cjw', 'Monday', 8, 0),
('ChIJFxIYOehJXhMRTnfIBMK7Cjw', 'Monday', 9, 49),
('ChIJFxIYOehJXhMRTnfIBMK7Cjw', 'Monday', 10, 80),
('ChIJFxIYOehJXhMRTnfIBMK7Cjw', 'Monday', 11, 100),
('ChIJFxIYOehJXhMRTnfIBMK7Cjw', 'Monday', 12, 92),
('ChIJFxIYOehJXhMRTnfIBMK7Cjw', 'Monday', 13, 63),
('ChIJFxIYOehJXhMRTnfIBMK7Cjw', 'Monday', 14, 33),
('ChIJFxIYOehJXhMRTnfIBMK7Cjw', 'Monday', 15, 0),
('ChIJFxIYOehJXhMRTnfIBMK7Cjw', 'Monday', 16, 0),
('ChIJFxIYOehJXhMRTnfIBMK7Cjw', 'Monday', 17, 0),
('ChIJFxIYOehJXhMRTnfIBMK7Cjw', 'Monday', 18, 0),
('ChIJFxIYOehJXhMRTnfIBMK7Cjw', 'Monday', 19, 0),
('ChIJFxIYOehJXhMRTnfIBMK7Cjw', 'Monday', 20, 0),
('ChIJFxIYOehJXhMRTnfIBMK7Cjw', 'Monday', 21, 0),
('ChIJFxIYOehJXhMRTnfIBMK7Cjw', 'Monday', 22, 0),
('ChIJFxIYOehJXhMRTnfIBMK7Cjw', 'Monday', 23, 0),
('ChIJFxIYOehJXhMRTnfIBMK7Cjw', 'Saturday', 0, 0),
('ChIJFxIYOehJXhMRTnfIBMK7Cjw', 'Saturday', 1, 0),
('ChIJFxIYOehJXhMRTnfIBMK7Cjw', 'Saturday', 2, 0),
('ChIJFxIYOehJXhMRTnfIBMK7Cjw', 'Saturday', 3, 0),
('ChIJFxIYOehJXhMRTnfIBMK7Cjw', 'Saturday', 4, 0),
('ChIJFxIYOehJXhMRTnfIBMK7Cjw', 'Saturday', 5, 0),
('ChIJFxIYOehJXhMRTnfIBMK7Cjw', 'Saturday', 6, 0),
('ChIJFxIYOehJXhMRTnfIBMK7Cjw', 'Saturday', 7, 0),
('ChIJFxIYOehJXhMRTnfIBMK7Cjw', 'Saturday', 8, 0),
('ChIJFxIYOehJXhMRTnfIBMK7Cjw', 'Saturday', 9, 7),
('ChIJFxIYOehJXhMRTnfIBMK7Cjw', 'Saturday', 10, 22),
('ChIJFxIYOehJXhMRTnfIBMK7Cjw', 'Saturday', 11, 49),
('ChIJFxIYOehJXhMRTnfIBMK7Cjw', 'Saturday', 12, 68),
('ChIJFxIYOehJXhMRTnfIBMK7Cjw', 'Saturday', 13, 61),
('ChIJFxIYOehJXhMRTnfIBMK7Cjw', 'Saturday', 14, 36),
('ChIJFxIYOehJXhMRTnfIBMK7Cjw', 'Saturday', 15, 0),
('ChIJFxIYOehJXhMRTnfIBMK7Cjw', 'Saturday', 16, 0),
('ChIJFxIYOehJXhMRTnfIBMK7Cjw', 'Saturday', 17, 0),
('ChIJFxIYOehJXhMRTnfIBMK7Cjw', 'Saturday', 18, 0),
('ChIJFxIYOehJXhMRTnfIBMK7Cjw', 'Saturday', 19, 0),
('ChIJFxIYOehJXhMRTnfIBMK7Cjw', 'Saturday', 20, 0),
('ChIJFxIYOehJXhMRTnfIBMK7Cjw', 'Saturday', 21, 0),
('ChIJFxIYOehJXhMRTnfIBMK7Cjw', 'Saturday', 22, 0),
('ChIJFxIYOehJXhMRTnfIBMK7Cjw', 'Saturday', 23, 0),
('ChIJFxIYOehJXhMRTnfIBMK7Cjw', 'Sunday', 0, 0),
('ChIJFxIYOehJXhMRTnfIBMK7Cjw', 'Sunday', 1, 0),
('ChIJFxIYOehJXhMRTnfIBMK7Cjw', 'Sunday', 2, 0),
('ChIJFxIYOehJXhMRTnfIBMK7Cjw', 'Sunday', 3, 0),
('ChIJFxIYOehJXhMRTnfIBMK7Cjw', 'Sunday', 4, 0),
('ChIJFxIYOehJXhMRTnfIBMK7Cjw', 'Sunday', 5, 0),
('ChIJFxIYOehJXhMRTnfIBMK7Cjw', 'Sunday', 6, 0),
('ChIJFxIYOehJXhMRTnfIBMK7Cjw', 'Sunday', 7, 0),
('ChIJFxIYOehJXhMRTnfIBMK7Cjw', 'Sunday', 8, 0),
('ChIJFxIYOehJXhMRTnfIBMK7Cjw', 'Sunday', 9, 0),
('ChIJFxIYOehJXhMRTnfIBMK7Cjw', 'Sunday', 10, 0),
('ChIJFxIYOehJXhMRTnfIBMK7Cjw', 'Sunday', 11, 0),
('ChIJFxIYOehJXhMRTnfIBMK7Cjw', 'Sunday', 12, 0),
('ChIJFxIYOehJXhMRTnfIBMK7Cjw', 'Sunday', 13, 0),
('ChIJFxIYOehJXhMRTnfIBMK7Cjw', 'Sunday', 14, 0),
('ChIJFxIYOehJXhMRTnfIBMK7Cjw', 'Sunday', 15, 0),
('ChIJFxIYOehJXhMRTnfIBMK7Cjw', 'Sunday', 16, 0),
('ChIJFxIYOehJXhMRTnfIBMK7Cjw', 'Sunday', 17, 0),
('ChIJFxIYOehJXhMRTnfIBMK7Cjw', 'Sunday', 18, 0),
('ChIJFxIYOehJXhMRTnfIBMK7Cjw', 'Sunday', 19, 0),
('ChIJFxIYOehJXhMRTnfIBMK7Cjw', 'Sunday', 20, 0),
('ChIJFxIYOehJXhMRTnfIBMK7Cjw', 'Sunday', 21, 0),
('ChIJFxIYOehJXhMRTnfIBMK7Cjw', 'Sunday', 22, 0),
('ChIJFxIYOehJXhMRTnfIBMK7Cjw', 'Sunday', 23, 0),
('ChIJFxIYOehJXhMRTnfIBMK7Cjw', 'Thursday', 0, 0),
('ChIJFxIYOehJXhMRTnfIBMK7Cjw', 'Thursday', 1, 0),
('ChIJFxIYOehJXhMRTnfIBMK7Cjw', 'Thursday', 2, 0),
('ChIJFxIYOehJXhMRTnfIBMK7Cjw', 'Thursday', 3, 0),
('ChIJFxIYOehJXhMRTnfIBMK7Cjw', 'Thursday', 4, 0),
('ChIJFxIYOehJXhMRTnfIBMK7Cjw', 'Thursday', 5, 0),
('ChIJFxIYOehJXhMRTnfIBMK7Cjw', 'Thursday', 6, 0),
('ChIJFxIYOehJXhMRTnfIBMK7Cjw', 'Thursday', 7, 0),
('ChIJFxIYOehJXhMRTnfIBMK7Cjw', 'Thursday', 8, 0),
('ChIJFxIYOehJXhMRTnfIBMK7Cjw', 'Thursday', 9, 35),
('ChIJFxIYOehJXhMRTnfIBMK7Cjw', 'Thursday', 10, 54),
('ChIJFxIYOehJXhMRTnfIBMK7Cjw', 'Thursday', 11, 66),
('ChIJFxIYOehJXhMRTnfIBMK7Cjw', 'Thursday', 12, 64),
('ChIJFxIYOehJXhMRTnfIBMK7Cjw', 'Thursday', 13, 49),
('ChIJFxIYOehJXhMRTnfIBMK7Cjw', 'Thursday', 14, 29),
('ChIJFxIYOehJXhMRTnfIBMK7Cjw', 'Thursday', 15, 14),
('ChIJFxIYOehJXhMRTnfIBMK7Cjw', 'Thursday', 16, 8),
('ChIJFxIYOehJXhMRTnfIBMK7Cjw', 'Thursday', 17, 21),
('ChIJFxIYOehJXhMRTnfIBMK7Cjw', 'Thursday', 18, 56),
('ChIJFxIYOehJXhMRTnfIBMK7Cjw', 'Thursday', 19, 64),
('ChIJFxIYOehJXhMRTnfIBMK7Cjw', 'Thursday', 20, 31),
('ChIJFxIYOehJXhMRTnfIBMK7Cjw', 'Thursday', 21, 0),
('ChIJFxIYOehJXhMRTnfIBMK7Cjw', 'Thursday', 22, 0),
('ChIJFxIYOehJXhMRTnfIBMK7Cjw', 'Thursday', 23, 0),
('ChIJFxIYOehJXhMRTnfIBMK7Cjw', 'Tuesday', 0, 0),
('ChIJFxIYOehJXhMRTnfIBMK7Cjw', 'Tuesday', 1, 0),
('ChIJFxIYOehJXhMRTnfIBMK7Cjw', 'Tuesday', 2, 0),
('ChIJFxIYOehJXhMRTnfIBMK7Cjw', 'Tuesday', 3, 0),
('ChIJFxIYOehJXhMRTnfIBMK7Cjw', 'Tuesday', 4, 0),
('ChIJFxIYOehJXhMRTnfIBMK7Cjw', 'Tuesday', 5, 0),
('ChIJFxIYOehJXhMRTnfIBMK7Cjw', 'Tuesday', 6, 0),
('ChIJFxIYOehJXhMRTnfIBMK7Cjw', 'Tuesday', 7, 0),
('ChIJFxIYOehJXhMRTnfIBMK7Cjw', 'Tuesday', 8, 0),
('ChIJFxIYOehJXhMRTnfIBMK7Cjw', 'Tuesday', 9, 31),
('ChIJFxIYOehJXhMRTnfIBMK7Cjw', 'Tuesday', 10, 49),
('ChIJFxIYOehJXhMRTnfIBMK7Cjw', 'Tuesday', 11, 59),
('ChIJFxIYOehJXhMRTnfIBMK7Cjw', 'Tuesday', 12, 56),
('ChIJFxIYOehJXhMRTnfIBMK7Cjw', 'Tuesday', 13, 40),
('ChIJFxIYOehJXhMRTnfIBMK7Cjw', 'Tuesday', 14, 22),
('ChIJFxIYOehJXhMRTnfIBMK7Cjw', 'Tuesday', 15, 12),
('ChIJFxIYOehJXhMRTnfIBMK7Cjw', 'Tuesday', 16, 14),
('ChIJFxIYOehJXhMRTnfIBMK7Cjw', 'Tuesday', 17, 31),
('ChIJFxIYOehJXhMRTnfIBMK7Cjw', 'Tuesday', 18, 52),
('ChIJFxIYOehJXhMRTnfIBMK7Cjw', 'Tuesday', 19, 56),
('ChIJFxIYOehJXhMRTnfIBMK7Cjw', 'Tuesday', 20, 36),
('ChIJFxIYOehJXhMRTnfIBMK7Cjw', 'Tuesday', 21, 0),
('ChIJFxIYOehJXhMRTnfIBMK7Cjw', 'Tuesday', 22, 0),
('ChIJFxIYOehJXhMRTnfIBMK7Cjw', 'Tuesday', 23, 0),
('ChIJFxIYOehJXhMRTnfIBMK7Cjw', 'Wednesday', 0, 0),
('ChIJFxIYOehJXhMRTnfIBMK7Cjw', 'Wednesday', 1, 0),
('ChIJFxIYOehJXhMRTnfIBMK7Cjw', 'Wednesday', 2, 0),
('ChIJFxIYOehJXhMRTnfIBMK7Cjw', 'Wednesday', 3, 0),
('ChIJFxIYOehJXhMRTnfIBMK7Cjw', 'Wednesday', 4, 0),
('ChIJFxIYOehJXhMRTnfIBMK7Cjw', 'Wednesday', 5, 0),
('ChIJFxIYOehJXhMRTnfIBMK7Cjw', 'Wednesday', 6, 0),
('ChIJFxIYOehJXhMRTnfIBMK7Cjw', 'Wednesday', 7, 0),
('ChIJFxIYOehJXhMRTnfIBMK7Cjw', 'Wednesday', 8, 0),
('ChIJFxIYOehJXhMRTnfIBMK7Cjw', 'Wednesday', 9, 12),
('ChIJFxIYOehJXhMRTnfIBMK7Cjw', 'Wednesday', 10, 31),
('ChIJFxIYOehJXhMRTnfIBMK7Cjw', 'Wednesday', 11, 50),
('ChIJFxIYOehJXhMRTnfIBMK7Cjw', 'Wednesday', 12, 49),
('ChIJFxIYOehJXhMRTnfIBMK7Cjw', 'Wednesday', 13, 28),
('ChIJFxIYOehJXhMRTnfIBMK7Cjw', 'Wednesday', 14, 10),
('ChIJFxIYOehJXhMRTnfIBMK7Cjw', 'Wednesday', 15, 0),
('ChIJFxIYOehJXhMRTnfIBMK7Cjw', 'Wednesday', 16, 0),
('ChIJFxIYOehJXhMRTnfIBMK7Cjw', 'Wednesday', 17, 0),
('ChIJFxIYOehJXhMRTnfIBMK7Cjw', 'Wednesday', 18, 0),
('ChIJFxIYOehJXhMRTnfIBMK7Cjw', 'Wednesday', 19, 0),
('ChIJFxIYOehJXhMRTnfIBMK7Cjw', 'Wednesday', 20, 0),
('ChIJFxIYOehJXhMRTnfIBMK7Cjw', 'Wednesday', 21, 0),
('ChIJFxIYOehJXhMRTnfIBMK7Cjw', 'Wednesday', 22, 0),
('ChIJFxIYOehJXhMRTnfIBMK7Cjw', 'Wednesday', 23, 0),
('ChIJHf2oKOhJXhMRU48jxmo1y6s', 'Friday', 0, 0),
('ChIJHf2oKOhJXhMRU48jxmo1y6s', 'Friday', 1, 0),
('ChIJHf2oKOhJXhMRU48jxmo1y6s', 'Friday', 2, 0),
('ChIJHf2oKOhJXhMRU48jxmo1y6s', 'Friday', 3, 0),
('ChIJHf2oKOhJXhMRU48jxmo1y6s', 'Friday', 4, 0),
('ChIJHf2oKOhJXhMRU48jxmo1y6s', 'Friday', 5, 0),
('ChIJHf2oKOhJXhMRU48jxmo1y6s', 'Friday', 6, 0),
('ChIJHf2oKOhJXhMRU48jxmo1y6s', 'Friday', 7, 0),
('ChIJHf2oKOhJXhMRU48jxmo1y6s', 'Friday', 8, 0),
('ChIJHf2oKOhJXhMRU48jxmo1y6s', 'Friday', 9, 52),
('ChIJHf2oKOhJXhMRU48jxmo1y6s', 'Friday', 10, 82),
('ChIJHf2oKOhJXhMRU48jxmo1y6s', 'Friday', 11, 90),
('ChIJHf2oKOhJXhMRU48jxmo1y6s', 'Friday', 12, 100),
('ChIJHf2oKOhJXhMRU48jxmo1y6s', 'Friday', 13, 44),
('ChIJHf2oKOhJXhMRU48jxmo1y6s', 'Friday', 14, 0),
('ChIJHf2oKOhJXhMRU48jxmo1y6s', 'Friday', 15, 0),
('ChIJHf2oKOhJXhMRU48jxmo1y6s', 'Friday', 16, 0),
('ChIJHf2oKOhJXhMRU48jxmo1y6s', 'Friday', 17, 36),
('ChIJHf2oKOhJXhMRU48jxmo1y6s', 'Friday', 18, 88),
('ChIJHf2oKOhJXhMRU48jxmo1y6s', 'Friday', 19, 98),
('ChIJHf2oKOhJXhMRU48jxmo1y6s', 'Friday', 20, 50),
('ChIJHf2oKOhJXhMRU48jxmo1y6s', 'Friday', 21, 0),
('ChIJHf2oKOhJXhMRU48jxmo1y6s', 'Friday', 22, 0),
('ChIJHf2oKOhJXhMRU48jxmo1y6s', 'Friday', 23, 0),
('ChIJHf2oKOhJXhMRU48jxmo1y6s', 'Monday', 0, 0),
('ChIJHf2oKOhJXhMRU48jxmo1y6s', 'Monday', 1, 0),
('ChIJHf2oKOhJXhMRU48jxmo1y6s', 'Monday', 2, 0),
('ChIJHf2oKOhJXhMRU48jxmo1y6s', 'Monday', 3, 0),
('ChIJHf2oKOhJXhMRU48jxmo1y6s', 'Monday', 4, 0),
('ChIJHf2oKOhJXhMRU48jxmo1y6s', 'Monday', 5, 0),
('ChIJHf2oKOhJXhMRU48jxmo1y6s', 'Monday', 6, 0),
('ChIJHf2oKOhJXhMRU48jxmo1y6s', 'Monday', 7, 0),
('ChIJHf2oKOhJXhMRU48jxmo1y6s', 'Monday', 8, 0),
('ChIJHf2oKOhJXhMRU48jxmo1y6s', 'Monday', 9, 60),
('ChIJHf2oKOhJXhMRU48jxmo1y6s', 'Monday', 10, 76),
('ChIJHf2oKOhJXhMRU48jxmo1y6s', 'Monday', 11, 72),
('ChIJHf2oKOhJXhMRU48jxmo1y6s', 'Monday', 12, 74),
('ChIJHf2oKOhJXhMRU48jxmo1y6s', 'Monday', 13, 84),
('ChIJHf2oKOhJXhMRU48jxmo1y6s', 'Monday', 14, 42),
('ChIJHf2oKOhJXhMRU48jxmo1y6s', 'Monday', 15, 0),
('ChIJHf2oKOhJXhMRU48jxmo1y6s', 'Monday', 16, 0),
('ChIJHf2oKOhJXhMRU48jxmo1y6s', 'Monday', 17, 0),
('ChIJHf2oKOhJXhMRU48jxmo1y6s', 'Monday', 18, 0),
('ChIJHf2oKOhJXhMRU48jxmo1y6s', 'Monday', 19, 0),
('ChIJHf2oKOhJXhMRU48jxmo1y6s', 'Monday', 20, 0),
('ChIJHf2oKOhJXhMRU48jxmo1y6s', 'Monday', 21, 0),
('ChIJHf2oKOhJXhMRU48jxmo1y6s', 'Monday', 22, 0),
('ChIJHf2oKOhJXhMRU48jxmo1y6s', 'Monday', 23, 0),
('ChIJHf2oKOhJXhMRU48jxmo1y6s', 'Saturday', 0, 0),
('ChIJHf2oKOhJXhMRU48jxmo1y6s', 'Saturday', 1, 0),
('ChIJHf2oKOhJXhMRU48jxmo1y6s', 'Saturday', 2, 0),
('ChIJHf2oKOhJXhMRU48jxmo1y6s', 'Saturday', 3, 0),
('ChIJHf2oKOhJXhMRU48jxmo1y6s', 'Saturday', 4, 0),
('ChIJHf2oKOhJXhMRU48jxmo1y6s', 'Saturday', 5, 0),
('ChIJHf2oKOhJXhMRU48jxmo1y6s', 'Saturday', 6, 0),
('ChIJHf2oKOhJXhMRU48jxmo1y6s', 'Saturday', 7, 0),
('ChIJHf2oKOhJXhMRU48jxmo1y6s', 'Saturday', 8, 0),
('ChIJHf2oKOhJXhMRU48jxmo1y6s', 'Saturday', 9, 36),
('ChIJHf2oKOhJXhMRU48jxmo1y6s', 'Saturday', 10, 68),
('ChIJHf2oKOhJXhMRU48jxmo1y6s', 'Saturday', 11, 88),
('ChIJHf2oKOhJXhMRU48jxmo1y6s', 'Saturday', 12, 84),
('ChIJHf2oKOhJXhMRU48jxmo1y6s', 'Saturday', 13, 56),
('ChIJHf2oKOhJXhMRU48jxmo1y6s', 'Saturday', 14, 0),
('ChIJHf2oKOhJXhMRU48jxmo1y6s', 'Saturday', 15, 0),
('ChIJHf2oKOhJXhMRU48jxmo1y6s', 'Saturday', 16, 0),
('ChIJHf2oKOhJXhMRU48jxmo1y6s', 'Saturday', 17, 0),
('ChIJHf2oKOhJXhMRU48jxmo1y6s', 'Saturday', 18, 0),
('ChIJHf2oKOhJXhMRU48jxmo1y6s', 'Saturday', 19, 0),
('ChIJHf2oKOhJXhMRU48jxmo1y6s', 'Saturday', 20, 0),
('ChIJHf2oKOhJXhMRU48jxmo1y6s', 'Saturday', 21, 0),
('ChIJHf2oKOhJXhMRU48jxmo1y6s', 'Saturday', 22, 0),
('ChIJHf2oKOhJXhMRU48jxmo1y6s', 'Saturday', 23, 0),
('ChIJHf2oKOhJXhMRU48jxmo1y6s', 'Sunday', 0, 0),
('ChIJHf2oKOhJXhMRU48jxmo1y6s', 'Sunday', 1, 0),
('ChIJHf2oKOhJXhMRU48jxmo1y6s', 'Sunday', 2, 0),
('ChIJHf2oKOhJXhMRU48jxmo1y6s', 'Sunday', 3, 0),
('ChIJHf2oKOhJXhMRU48jxmo1y6s', 'Sunday', 4, 0),
('ChIJHf2oKOhJXhMRU48jxmo1y6s', 'Sunday', 5, 0),
('ChIJHf2oKOhJXhMRU48jxmo1y6s', 'Sunday', 6, 0),
('ChIJHf2oKOhJXhMRU48jxmo1y6s', 'Sunday', 7, 0),
('ChIJHf2oKOhJXhMRU48jxmo1y6s', 'Sunday', 8, 0),
('ChIJHf2oKOhJXhMRU48jxmo1y6s', 'Sunday', 9, 0),
('ChIJHf2oKOhJXhMRU48jxmo1y6s', 'Sunday', 10, 0),
('ChIJHf2oKOhJXhMRU48jxmo1y6s', 'Sunday', 11, 0),
('ChIJHf2oKOhJXhMRU48jxmo1y6s', 'Sunday', 12, 0),
('ChIJHf2oKOhJXhMRU48jxmo1y6s', 'Sunday', 13, 0),
('ChIJHf2oKOhJXhMRU48jxmo1y6s', 'Sunday', 14, 0),
('ChIJHf2oKOhJXhMRU48jxmo1y6s', 'Sunday', 15, 0),
('ChIJHf2oKOhJXhMRU48jxmo1y6s', 'Sunday', 16, 0),
('ChIJHf2oKOhJXhMRU48jxmo1y6s', 'Sunday', 17, 0),
('ChIJHf2oKOhJXhMRU48jxmo1y6s', 'Sunday', 18, 0),
('ChIJHf2oKOhJXhMRU48jxmo1y6s', 'Sunday', 19, 0),
('ChIJHf2oKOhJXhMRU48jxmo1y6s', 'Sunday', 20, 0),
('ChIJHf2oKOhJXhMRU48jxmo1y6s', 'Sunday', 21, 0),
('ChIJHf2oKOhJXhMRU48jxmo1y6s', 'Sunday', 22, 0),
('ChIJHf2oKOhJXhMRU48jxmo1y6s', 'Sunday', 23, 0),
('ChIJHf2oKOhJXhMRU48jxmo1y6s', 'Thursday', 0, 0),
('ChIJHf2oKOhJXhMRU48jxmo1y6s', 'Thursday', 1, 0),
('ChIJHf2oKOhJXhMRU48jxmo1y6s', 'Thursday', 2, 0),
('ChIJHf2oKOhJXhMRU48jxmo1y6s', 'Thursday', 3, 0),
('ChIJHf2oKOhJXhMRU48jxmo1y6s', 'Thursday', 4, 0),
('ChIJHf2oKOhJXhMRU48jxmo1y6s', 'Thursday', 5, 0),
('ChIJHf2oKOhJXhMRU48jxmo1y6s', 'Thursday', 6, 0),
('ChIJHf2oKOhJXhMRU48jxmo1y6s', 'Thursday', 7, 0),
('ChIJHf2oKOhJXhMRU48jxmo1y6s', 'Thursday', 8, 0),
('ChIJHf2oKOhJXhMRU48jxmo1y6s', 'Thursday', 9, 46),
('ChIJHf2oKOhJXhMRU48jxmo1y6s', 'Thursday', 10, 62),
('ChIJHf2oKOhJXhMRU48jxmo1y6s', 'Thursday', 11, 64),
('ChIJHf2oKOhJXhMRU48jxmo1y6s', 'Thursday', 12, 74),
('ChIJHf2oKOhJXhMRU48jxmo1y6s', 'Thursday', 13, 62),
('ChIJHf2oKOhJXhMRU48jxmo1y6s', 'Thursday', 14, 0),
('ChIJHf2oKOhJXhMRU48jxmo1y6s', 'Thursday', 15, 0),
('ChIJHf2oKOhJXhMRU48jxmo1y6s', 'Thursday', 16, 0),
('ChIJHf2oKOhJXhMRU48jxmo1y6s', 'Thursday', 17, 34),
('ChIJHf2oKOhJXhMRU48jxmo1y6s', 'Thursday', 18, 68),
('ChIJHf2oKOhJXhMRU48jxmo1y6s', 'Thursday', 19, 76),
('ChIJHf2oKOhJXhMRU48jxmo1y6s', 'Thursday', 20, 46),
('ChIJHf2oKOhJXhMRU48jxmo1y6s', 'Thursday', 21, 0),
('ChIJHf2oKOhJXhMRU48jxmo1y6s', 'Thursday', 22, 0),
('ChIJHf2oKOhJXhMRU48jxmo1y6s', 'Thursday', 23, 0),
('ChIJHf2oKOhJXhMRU48jxmo1y6s', 'Tuesday', 0, 0),
('ChIJHf2oKOhJXhMRU48jxmo1y6s', 'Tuesday', 1, 0),
('ChIJHf2oKOhJXhMRU48jxmo1y6s', 'Tuesday', 2, 0),
('ChIJHf2oKOhJXhMRU48jxmo1y6s', 'Tuesday', 3, 0),
('ChIJHf2oKOhJXhMRU48jxmo1y6s', 'Tuesday', 4, 0),
('ChIJHf2oKOhJXhMRU48jxmo1y6s', 'Tuesday', 5, 0),
('ChIJHf2oKOhJXhMRU48jxmo1y6s', 'Tuesday', 6, 0),
('ChIJHf2oKOhJXhMRU48jxmo1y6s', 'Tuesday', 7, 0),
('ChIJHf2oKOhJXhMRU48jxmo1y6s', 'Tuesday', 8, 0),
('ChIJHf2oKOhJXhMRU48jxmo1y6s', 'Tuesday', 9, 70),
('ChIJHf2oKOhJXhMRU48jxmo1y6s', 'Tuesday', 10, 76),
('ChIJHf2oKOhJXhMRU48jxmo1y6s', 'Tuesday', 11, 68),
('ChIJHf2oKOhJXhMRU48jxmo1y6s', 'Tuesday', 12, 80),
('ChIJHf2oKOhJXhMRU48jxmo1y6s', 'Tuesday', 13, 86),
('ChIJHf2oKOhJXhMRU48jxmo1y6s', 'Tuesday', 14, 0),
('ChIJHf2oKOhJXhMRU48jxmo1y6s', 'Tuesday', 15, 0),
('ChIJHf2oKOhJXhMRU48jxmo1y6s', 'Tuesday', 16, 0),
('ChIJHf2oKOhJXhMRU48jxmo1y6s', 'Tuesday', 17, 52),
('ChIJHf2oKOhJXhMRU48jxmo1y6s', 'Tuesday', 18, 88),
('ChIJHf2oKOhJXhMRU48jxmo1y6s', 'Tuesday', 19, 100),
('ChIJHf2oKOhJXhMRU48jxmo1y6s', 'Tuesday', 20, 72),
('ChIJHf2oKOhJXhMRU48jxmo1y6s', 'Tuesday', 21, 0),
('ChIJHf2oKOhJXhMRU48jxmo1y6s', 'Tuesday', 22, 0),
('ChIJHf2oKOhJXhMRU48jxmo1y6s', 'Tuesday', 23, 0),
('ChIJHf2oKOhJXhMRU48jxmo1y6s', 'Wednesday', 0, 0),
('ChIJHf2oKOhJXhMRU48jxmo1y6s', 'Wednesday', 1, 0),
('ChIJHf2oKOhJXhMRU48jxmo1y6s', 'Wednesday', 2, 0),
('ChIJHf2oKOhJXhMRU48jxmo1y6s', 'Wednesday', 3, 0),
('ChIJHf2oKOhJXhMRU48jxmo1y6s', 'Wednesday', 4, 0),
('ChIJHf2oKOhJXhMRU48jxmo1y6s', 'Wednesday', 5, 0),
('ChIJHf2oKOhJXhMRU48jxmo1y6s', 'Wednesday', 6, 0),
('ChIJHf2oKOhJXhMRU48jxmo1y6s', 'Wednesday', 7, 0),
('ChIJHf2oKOhJXhMRU48jxmo1y6s', 'Wednesday', 8, 0),
('ChIJHf2oKOhJXhMRU48jxmo1y6s', 'Wednesday', 9, 60),
('ChIJHf2oKOhJXhMRU48jxmo1y6s', 'Wednesday', 10, 78),
('ChIJHf2oKOhJXhMRU48jxmo1y6s', 'Wednesday', 11, 76),
('ChIJHf2oKOhJXhMRU48jxmo1y6s', 'Wednesday', 12, 72),
('ChIJHf2oKOhJXhMRU48jxmo1y6s', 'Wednesday', 13, 56),
('ChIJHf2oKOhJXhMRU48jxmo1y6s', 'Wednesday', 14, 32),
('ChIJHf2oKOhJXhMRU48jxmo1y6s', 'Wednesday', 15, 0),
('ChIJHf2oKOhJXhMRU48jxmo1y6s', 'Wednesday', 16, 0),
('ChIJHf2oKOhJXhMRU48jxmo1y6s', 'Wednesday', 17, 0),
('ChIJHf2oKOhJXhMRU48jxmo1y6s', 'Wednesday', 18, 0),
('ChIJHf2oKOhJXhMRU48jxmo1y6s', 'Wednesday', 19, 0),
('ChIJHf2oKOhJXhMRU48jxmo1y6s', 'Wednesday', 20, 0),
('ChIJHf2oKOhJXhMRU48jxmo1y6s', 'Wednesday', 21, 0),
('ChIJHf2oKOhJXhMRU48jxmo1y6s', 'Wednesday', 22, 0),
('ChIJHf2oKOhJXhMRU48jxmo1y6s', 'Wednesday', 23, 0),
('ChIJhT1xJuhJXhMRB_dOMAB9G8A', 'Friday', 0, 0),
('ChIJhT1xJuhJXhMRB_dOMAB9G8A', 'Friday', 1, 0),
('ChIJhT1xJuhJXhMRB_dOMAB9G8A', 'Friday', 2, 0),
('ChIJhT1xJuhJXhMRB_dOMAB9G8A', 'Friday', 3, 0),
('ChIJhT1xJuhJXhMRB_dOMAB9G8A', 'Friday', 4, 0),
('ChIJhT1xJuhJXhMRB_dOMAB9G8A', 'Friday', 5, 0),
('ChIJhT1xJuhJXhMRB_dOMAB9G8A', 'Friday', 6, 0),
('ChIJhT1xJuhJXhMRB_dOMAB9G8A', 'Friday', 7, 0),
('ChIJhT1xJuhJXhMRB_dOMAB9G8A', 'Friday', 8, 0),
('ChIJhT1xJuhJXhMRB_dOMAB9G8A', 'Friday', 9, 0),
('ChIJhT1xJuhJXhMRB_dOMAB9G8A', 'Friday', 10, 0),
('ChIJhT1xJuhJXhMRB_dOMAB9G8A', 'Friday', 11, 14),
('ChIJhT1xJuhJXhMRB_dOMAB9G8A', 'Friday', 12, 39),
('ChIJhT1xJuhJXhMRB_dOMAB9G8A', 'Friday', 13, 80),
('ChIJhT1xJuhJXhMRB_dOMAB9G8A', 'Friday', 14, 100),
('ChIJhT1xJuhJXhMRB_dOMAB9G8A', 'Friday', 15, 72),
('ChIJhT1xJuhJXhMRB_dOMAB9G8A', 'Friday', 16, 31),
('ChIJhT1xJuhJXhMRB_dOMAB9G8A', 'Friday', 17, 11),
('ChIJhT1xJuhJXhMRB_dOMAB9G8A', 'Friday', 18, 10),
('ChIJhT1xJuhJXhMRB_dOMAB9G8A', 'Friday', 19, 13),
('ChIJhT1xJuhJXhMRB_dOMAB9G8A', 'Friday', 20, 0),
('ChIJhT1xJuhJXhMRB_dOMAB9G8A', 'Friday', 21, 0),
('ChIJhT1xJuhJXhMRB_dOMAB9G8A', 'Friday', 22, 0),
('ChIJhT1xJuhJXhMRB_dOMAB9G8A', 'Friday', 23, 0),
('ChIJhT1xJuhJXhMRB_dOMAB9G8A', 'Monday', 0, 0),
('ChIJhT1xJuhJXhMRB_dOMAB9G8A', 'Monday', 1, 0),
('ChIJhT1xJuhJXhMRB_dOMAB9G8A', 'Monday', 2, 0),
('ChIJhT1xJuhJXhMRB_dOMAB9G8A', 'Monday', 3, 0),
('ChIJhT1xJuhJXhMRB_dOMAB9G8A', 'Monday', 4, 0),
('ChIJhT1xJuhJXhMRB_dOMAB9G8A', 'Monday', 5, 0),
('ChIJhT1xJuhJXhMRB_dOMAB9G8A', 'Monday', 6, 0),
('ChIJhT1xJuhJXhMRB_dOMAB9G8A', 'Monday', 7, 0),
('ChIJhT1xJuhJXhMRB_dOMAB9G8A', 'Monday', 8, 0),
('ChIJhT1xJuhJXhMRB_dOMAB9G8A', 'Monday', 9, 0),
('ChIJhT1xJuhJXhMRB_dOMAB9G8A', 'Monday', 10, 0),
('ChIJhT1xJuhJXhMRB_dOMAB9G8A', 'Monday', 11, 12),
('ChIJhT1xJuhJXhMRB_dOMAB9G8A', 'Monday', 12, 25),
('ChIJhT1xJuhJXhMRB_dOMAB9G8A', 'Monday', 13, 39),
('ChIJhT1xJuhJXhMRB_dOMAB9G8A', 'Monday', 14, 43),
('ChIJhT1xJuhJXhMRB_dOMAB9G8A', 'Monday', 15, 33),
('ChIJhT1xJuhJXhMRB_dOMAB9G8A', 'Monday', 16, 20),
('ChIJhT1xJuhJXhMRB_dOMAB9G8A', 'Monday', 17, 12),
('ChIJhT1xJuhJXhMRB_dOMAB9G8A', 'Monday', 18, 9),
('ChIJhT1xJuhJXhMRB_dOMAB9G8A', 'Monday', 19, 7),
('ChIJhT1xJuhJXhMRB_dOMAB9G8A', 'Monday', 20, 0),
('ChIJhT1xJuhJXhMRB_dOMAB9G8A', 'Monday', 21, 0),
('ChIJhT1xJuhJXhMRB_dOMAB9G8A', 'Monday', 22, 0),
('ChIJhT1xJuhJXhMRB_dOMAB9G8A', 'Monday', 23, 0),
('ChIJhT1xJuhJXhMRB_dOMAB9G8A', 'Saturday', 0, 0),
('ChIJhT1xJuhJXhMRB_dOMAB9G8A', 'Saturday', 1, 0),
('ChIJhT1xJuhJXhMRB_dOMAB9G8A', 'Saturday', 2, 0),
('ChIJhT1xJuhJXhMRB_dOMAB9G8A', 'Saturday', 3, 0),
('ChIJhT1xJuhJXhMRB_dOMAB9G8A', 'Saturday', 4, 0),
('ChIJhT1xJuhJXhMRB_dOMAB9G8A', 'Saturday', 5, 0),
('ChIJhT1xJuhJXhMRB_dOMAB9G8A', 'Saturday', 6, 0),
('ChIJhT1xJuhJXhMRB_dOMAB9G8A', 'Saturday', 7, 0),
('ChIJhT1xJuhJXhMRB_dOMAB9G8A', 'Saturday', 8, 0),
('ChIJhT1xJuhJXhMRB_dOMAB9G8A', 'Saturday', 9, 0),
('ChIJhT1xJuhJXhMRB_dOMAB9G8A', 'Saturday', 10, 0),
('ChIJhT1xJuhJXhMRB_dOMAB9G8A', 'Saturday', 11, 12),
('ChIJhT1xJuhJXhMRB_dOMAB9G8A', 'Saturday', 12, 21),
('ChIJhT1xJuhJXhMRB_dOMAB9G8A', 'Saturday', 13, 43),
('ChIJhT1xJuhJXhMRB_dOMAB9G8A', 'Saturday', 14, 64),
('ChIJhT1xJuhJXhMRB_dOMAB9G8A', 'Saturday', 15, 56),
('ChIJhT1xJuhJXhMRB_dOMAB9G8A', 'Saturday', 16, 30),
('ChIJhT1xJuhJXhMRB_dOMAB9G8A', 'Saturday', 17, 12),
('ChIJhT1xJuhJXhMRB_dOMAB9G8A', 'Saturday', 18, 6),
('ChIJhT1xJuhJXhMRB_dOMAB9G8A', 'Saturday', 19, 3),
('ChIJhT1xJuhJXhMRB_dOMAB9G8A', 'Saturday', 20, 0),
('ChIJhT1xJuhJXhMRB_dOMAB9G8A', 'Saturday', 21, 0),
('ChIJhT1xJuhJXhMRB_dOMAB9G8A', 'Saturday', 22, 0),
('ChIJhT1xJuhJXhMRB_dOMAB9G8A', 'Saturday', 23, 0),
('ChIJhT1xJuhJXhMRB_dOMAB9G8A', 'Sunday', 0, 0),
('ChIJhT1xJuhJXhMRB_dOMAB9G8A', 'Sunday', 1, 0),
('ChIJhT1xJuhJXhMRB_dOMAB9G8A', 'Sunday', 2, 0),
('ChIJhT1xJuhJXhMRB_dOMAB9G8A', 'Sunday', 3, 0),
('ChIJhT1xJuhJXhMRB_dOMAB9G8A', 'Sunday', 4, 0),
('ChIJhT1xJuhJXhMRB_dOMAB9G8A', 'Sunday', 5, 0),
('ChIJhT1xJuhJXhMRB_dOMAB9G8A', 'Sunday', 6, 0),
('ChIJhT1xJuhJXhMRB_dOMAB9G8A', 'Sunday', 7, 0),
('ChIJhT1xJuhJXhMRB_dOMAB9G8A', 'Sunday', 8, 0),
('ChIJhT1xJuhJXhMRB_dOMAB9G8A', 'Sunday', 9, 0),
('ChIJhT1xJuhJXhMRB_dOMAB9G8A', 'Sunday', 10, 0),
('ChIJhT1xJuhJXhMRB_dOMAB9G8A', 'Sunday', 11, 0),
('ChIJhT1xJuhJXhMRB_dOMAB9G8A', 'Sunday', 12, 0),
('ChIJhT1xJuhJXhMRB_dOMAB9G8A', 'Sunday', 13, 0),
('ChIJhT1xJuhJXhMRB_dOMAB9G8A', 'Sunday', 14, 0),
('ChIJhT1xJuhJXhMRB_dOMAB9G8A', 'Sunday', 15, 0),
('ChIJhT1xJuhJXhMRB_dOMAB9G8A', 'Sunday', 16, 0),
('ChIJhT1xJuhJXhMRB_dOMAB9G8A', 'Sunday', 17, 0),
('ChIJhT1xJuhJXhMRB_dOMAB9G8A', 'Sunday', 18, 0),
('ChIJhT1xJuhJXhMRB_dOMAB9G8A', 'Sunday', 19, 0),
('ChIJhT1xJuhJXhMRB_dOMAB9G8A', 'Sunday', 20, 0),
('ChIJhT1xJuhJXhMRB_dOMAB9G8A', 'Sunday', 21, 0),
('ChIJhT1xJuhJXhMRB_dOMAB9G8A', 'Sunday', 22, 0),
('ChIJhT1xJuhJXhMRB_dOMAB9G8A', 'Sunday', 23, 0),
('ChIJhT1xJuhJXhMRB_dOMAB9G8A', 'Thursday', 0, 0),
('ChIJhT1xJuhJXhMRB_dOMAB9G8A', 'Thursday', 1, 0),
('ChIJhT1xJuhJXhMRB_dOMAB9G8A', 'Thursday', 2, 0),
('ChIJhT1xJuhJXhMRB_dOMAB9G8A', 'Thursday', 3, 0),
('ChIJhT1xJuhJXhMRB_dOMAB9G8A', 'Thursday', 4, 0),
('ChIJhT1xJuhJXhMRB_dOMAB9G8A', 'Thursday', 5, 0),
('ChIJhT1xJuhJXhMRB_dOMAB9G8A', 'Thursday', 6, 0),
('ChIJhT1xJuhJXhMRB_dOMAB9G8A', 'Thursday', 7, 0),
('ChIJhT1xJuhJXhMRB_dOMAB9G8A', 'Thursday', 8, 0),
('ChIJhT1xJuhJXhMRB_dOMAB9G8A', 'Thursday', 9, 0),
('ChIJhT1xJuhJXhMRB_dOMAB9G8A', 'Thursday', 10, 0),
('ChIJhT1xJuhJXhMRB_dOMAB9G8A', 'Thursday', 11, 22),
('ChIJhT1xJuhJXhMRB_dOMAB9G8A', 'Thursday', 12, 53),
('ChIJhT1xJuhJXhMRB_dOMAB9G8A', 'Thursday', 13, 91),
('ChIJhT1xJuhJXhMRB_dOMAB9G8A', 'Thursday', 14, 100),
('ChIJhT1xJuhJXhMRB_dOMAB9G8A', 'Thursday', 15, 72),
('ChIJhT1xJuhJXhMRB_dOMAB9G8A', 'Thursday', 16, 41),
('ChIJhT1xJuhJXhMRB_dOMAB9G8A', 'Thursday', 17, 27),
('ChIJhT1xJuhJXhMRB_dOMAB9G8A', 'Thursday', 18, 22),
('ChIJhT1xJuhJXhMRB_dOMAB9G8A', 'Thursday', 19, 15),
('ChIJhT1xJuhJXhMRB_dOMAB9G8A', 'Thursday', 20, 0),
('ChIJhT1xJuhJXhMRB_dOMAB9G8A', 'Thursday', 21, 0),
('ChIJhT1xJuhJXhMRB_dOMAB9G8A', 'Thursday', 22, 0),
('ChIJhT1xJuhJXhMRB_dOMAB9G8A', 'Thursday', 23, 0),
('ChIJhT1xJuhJXhMRB_dOMAB9G8A', 'Tuesday', 0, 0),
('ChIJhT1xJuhJXhMRB_dOMAB9G8A', 'Tuesday', 1, 0),
('ChIJhT1xJuhJXhMRB_dOMAB9G8A', 'Tuesday', 2, 0),
('ChIJhT1xJuhJXhMRB_dOMAB9G8A', 'Tuesday', 3, 0),
('ChIJhT1xJuhJXhMRB_dOMAB9G8A', 'Tuesday', 4, 0),
('ChIJhT1xJuhJXhMRB_dOMAB9G8A', 'Tuesday', 5, 0),
('ChIJhT1xJuhJXhMRB_dOMAB9G8A', 'Tuesday', 6, 0),
('ChIJhT1xJuhJXhMRB_dOMAB9G8A', 'Tuesday', 7, 0),
('ChIJhT1xJuhJXhMRB_dOMAB9G8A', 'Tuesday', 8, 0),
('ChIJhT1xJuhJXhMRB_dOMAB9G8A', 'Tuesday', 9, 0),
('ChIJhT1xJuhJXhMRB_dOMAB9G8A', 'Tuesday', 10, 0),
('ChIJhT1xJuhJXhMRB_dOMAB9G8A', 'Tuesday', 11, 10),
('ChIJhT1xJuhJXhMRB_dOMAB9G8A', 'Tuesday', 12, 21),
('ChIJhT1xJuhJXhMRB_dOMAB9G8A', 'Tuesday', 13, 45),
('ChIJhT1xJuhJXhMRB_dOMAB9G8A', 'Tuesday', 14, 66),
('ChIJhT1xJuhJXhMRB_dOMAB9G8A', 'Tuesday', 15, 62),
('ChIJhT1xJuhJXhMRB_dOMAB9G8A', 'Tuesday', 16, 37),
('ChIJhT1xJuhJXhMRB_dOMAB9G8A', 'Tuesday', 17, 17),
('ChIJhT1xJuhJXhMRB_dOMAB9G8A', 'Tuesday', 18, 14),
('ChIJhT1xJuhJXhMRB_dOMAB9G8A', 'Tuesday', 19, 19),
('ChIJhT1xJuhJXhMRB_dOMAB9G8A', 'Tuesday', 20, 0),
('ChIJhT1xJuhJXhMRB_dOMAB9G8A', 'Tuesday', 21, 0),
('ChIJhT1xJuhJXhMRB_dOMAB9G8A', 'Tuesday', 22, 0),
('ChIJhT1xJuhJXhMRB_dOMAB9G8A', 'Tuesday', 23, 0),
('ChIJhT1xJuhJXhMRB_dOMAB9G8A', 'Wednesday', 0, 0),
('ChIJhT1xJuhJXhMRB_dOMAB9G8A', 'Wednesday', 1, 0),
('ChIJhT1xJuhJXhMRB_dOMAB9G8A', 'Wednesday', 2, 0),
('ChIJhT1xJuhJXhMRB_dOMAB9G8A', 'Wednesday', 3, 0),
('ChIJhT1xJuhJXhMRB_dOMAB9G8A', 'Wednesday', 4, 0),
('ChIJhT1xJuhJXhMRB_dOMAB9G8A', 'Wednesday', 5, 0),
('ChIJhT1xJuhJXhMRB_dOMAB9G8A', 'Wednesday', 6, 0),
('ChIJhT1xJuhJXhMRB_dOMAB9G8A', 'Wednesday', 7, 0),
('ChIJhT1xJuhJXhMRB_dOMAB9G8A', 'Wednesday', 8, 0),
('ChIJhT1xJuhJXhMRB_dOMAB9G8A', 'Wednesday', 9, 0),
('ChIJhT1xJuhJXhMRB_dOMAB9G8A', 'Wednesday', 10, 0),
('ChIJhT1xJuhJXhMRB_dOMAB9G8A', 'Wednesday', 11, 17),
('ChIJhT1xJuhJXhMRB_dOMAB9G8A', 'Wednesday', 12, 37),
('ChIJhT1xJuhJXhMRB_dOMAB9G8A', 'Wednesday', 13, 60),
('ChIJhT1xJuhJXhMRB_dOMAB9G8A', 'Wednesday', 14, 68),
('ChIJhT1xJuhJXhMRB_dOMAB9G8A', 'Wednesday', 15, 53),
('ChIJhT1xJuhJXhMRB_dOMAB9G8A', 'Wednesday', 16, 32),
('ChIJhT1xJuhJXhMRB_dOMAB9G8A', 'Wednesday', 17, 19),
('ChIJhT1xJuhJXhMRB_dOMAB9G8A', 'Wednesday', 18, 12),
('ChIJhT1xJuhJXhMRB_dOMAB9G8A', 'Wednesday', 19, 9),
('ChIJhT1xJuhJXhMRB_dOMAB9G8A', 'Wednesday', 20, 0),
('ChIJhT1xJuhJXhMRB_dOMAB9G8A', 'Wednesday', 21, 0),
('ChIJhT1xJuhJXhMRB_dOMAB9G8A', 'Wednesday', 22, 0),
('ChIJhT1xJuhJXhMRB_dOMAB9G8A', 'Wednesday', 23, 0),
('ChIJLWNTMuhJXhMRc0uCYczaWys', 'Friday', 0, 26),
('ChIJLWNTMuhJXhMRc0uCYczaWys', 'Friday', 1, 15),
('ChIJLWNTMuhJXhMRc0uCYczaWys', 'Friday', 2, 0),
('ChIJLWNTMuhJXhMRc0uCYczaWys', 'Friday', 3, 0),
('ChIJLWNTMuhJXhMRc0uCYczaWys', 'Friday', 4, 0),
('ChIJLWNTMuhJXhMRc0uCYczaWys', 'Friday', 5, 0),
('ChIJLWNTMuhJXhMRc0uCYczaWys', 'Friday', 6, 0),
('ChIJLWNTMuhJXhMRc0uCYczaWys', 'Friday', 7, 0),
('ChIJLWNTMuhJXhMRc0uCYczaWys', 'Friday', 8, 4);
INSERT INTO `populartimes` (`poi_id`, `day`, `hour`, `val`) VALUES
('ChIJLWNTMuhJXhMRc0uCYczaWys', 'Friday', 9, 6),
('ChIJLWNTMuhJXhMRc0uCYczaWys', 'Friday', 10, 8),
('ChIJLWNTMuhJXhMRc0uCYczaWys', 'Friday', 11, 9),
('ChIJLWNTMuhJXhMRc0uCYczaWys', 'Friday', 12, 9),
('ChIJLWNTMuhJXhMRc0uCYczaWys', 'Friday', 13, 9),
('ChIJLWNTMuhJXhMRc0uCYczaWys', 'Friday', 14, 8),
('ChIJLWNTMuhJXhMRc0uCYczaWys', 'Friday', 15, 7),
('ChIJLWNTMuhJXhMRc0uCYczaWys', 'Friday', 16, 6),
('ChIJLWNTMuhJXhMRc0uCYczaWys', 'Friday', 17, 6),
('ChIJLWNTMuhJXhMRc0uCYczaWys', 'Friday', 18, 9),
('ChIJLWNTMuhJXhMRc0uCYczaWys', 'Friday', 19, 17),
('ChIJLWNTMuhJXhMRc0uCYczaWys', 'Friday', 20, 32),
('ChIJLWNTMuhJXhMRc0uCYczaWys', 'Friday', 21, 51),
('ChIJLWNTMuhJXhMRc0uCYczaWys', 'Friday', 22, 71),
('ChIJLWNTMuhJXhMRc0uCYczaWys', 'Friday', 23, 83),
('ChIJLWNTMuhJXhMRc0uCYczaWys', 'Monday', 0, 20),
('ChIJLWNTMuhJXhMRc0uCYczaWys', 'Monday', 1, 10),
('ChIJLWNTMuhJXhMRc0uCYczaWys', 'Monday', 2, 0),
('ChIJLWNTMuhJXhMRc0uCYczaWys', 'Monday', 3, 0),
('ChIJLWNTMuhJXhMRc0uCYczaWys', 'Monday', 4, 0),
('ChIJLWNTMuhJXhMRc0uCYczaWys', 'Monday', 5, 0),
('ChIJLWNTMuhJXhMRc0uCYczaWys', 'Monday', 6, 0),
('ChIJLWNTMuhJXhMRc0uCYczaWys', 'Monday', 7, 0),
('ChIJLWNTMuhJXhMRc0uCYczaWys', 'Monday', 8, 0),
('ChIJLWNTMuhJXhMRc0uCYczaWys', 'Monday', 9, 9),
('ChIJLWNTMuhJXhMRc0uCYczaWys', 'Monday', 10, 12),
('ChIJLWNTMuhJXhMRc0uCYczaWys', 'Monday', 11, 15),
('ChIJLWNTMuhJXhMRc0uCYczaWys', 'Monday', 12, 17),
('ChIJLWNTMuhJXhMRc0uCYczaWys', 'Monday', 13, 16),
('ChIJLWNTMuhJXhMRc0uCYczaWys', 'Monday', 14, 13),
('ChIJLWNTMuhJXhMRc0uCYczaWys', 'Monday', 15, 9),
('ChIJLWNTMuhJXhMRc0uCYczaWys', 'Monday', 16, 6),
('ChIJLWNTMuhJXhMRc0uCYczaWys', 'Monday', 17, 5),
('ChIJLWNTMuhJXhMRc0uCYczaWys', 'Monday', 18, 6),
('ChIJLWNTMuhJXhMRc0uCYczaWys', 'Monday', 19, 7),
('ChIJLWNTMuhJXhMRc0uCYczaWys', 'Monday', 20, 7),
('ChIJLWNTMuhJXhMRc0uCYczaWys', 'Monday', 21, 7),
('ChIJLWNTMuhJXhMRc0uCYczaWys', 'Monday', 22, 7),
('ChIJLWNTMuhJXhMRc0uCYczaWys', 'Monday', 23, 6),
('ChIJLWNTMuhJXhMRc0uCYczaWys', 'Saturday', 0, 78),
('ChIJLWNTMuhJXhMRc0uCYczaWys', 'Saturday', 1, 57),
('ChIJLWNTMuhJXhMRc0uCYczaWys', 'Saturday', 2, 0),
('ChIJLWNTMuhJXhMRc0uCYczaWys', 'Saturday', 3, 0),
('ChIJLWNTMuhJXhMRc0uCYczaWys', 'Saturday', 4, 0),
('ChIJLWNTMuhJXhMRc0uCYczaWys', 'Saturday', 5, 0),
('ChIJLWNTMuhJXhMRc0uCYczaWys', 'Saturday', 6, 0),
('ChIJLWNTMuhJXhMRc0uCYczaWys', 'Saturday', 7, 0),
('ChIJLWNTMuhJXhMRc0uCYczaWys', 'Saturday', 8, 10),
('ChIJLWNTMuhJXhMRc0uCYczaWys', 'Saturday', 9, 12),
('ChIJLWNTMuhJXhMRc0uCYczaWys', 'Saturday', 10, 14),
('ChIJLWNTMuhJXhMRc0uCYczaWys', 'Saturday', 11, 14),
('ChIJLWNTMuhJXhMRc0uCYczaWys', 'Saturday', 12, 14),
('ChIJLWNTMuhJXhMRc0uCYczaWys', 'Saturday', 13, 13),
('ChIJLWNTMuhJXhMRc0uCYczaWys', 'Saturday', 14, 11),
('ChIJLWNTMuhJXhMRc0uCYczaWys', 'Saturday', 15, 9),
('ChIJLWNTMuhJXhMRc0uCYczaWys', 'Saturday', 16, 7),
('ChIJLWNTMuhJXhMRc0uCYczaWys', 'Saturday', 17, 6),
('ChIJLWNTMuhJXhMRc0uCYczaWys', 'Saturday', 18, 7),
('ChIJLWNTMuhJXhMRc0uCYczaWys', 'Saturday', 19, 12),
('ChIJLWNTMuhJXhMRc0uCYczaWys', 'Saturday', 20, 27),
('ChIJLWNTMuhJXhMRc0uCYczaWys', 'Saturday', 21, 52),
('ChIJLWNTMuhJXhMRc0uCYczaWys', 'Saturday', 22, 82),
('ChIJLWNTMuhJXhMRc0uCYczaWys', 'Saturday', 23, 100),
('ChIJLWNTMuhJXhMRc0uCYczaWys', 'Sunday', 0, 95),
('ChIJLWNTMuhJXhMRc0uCYczaWys', 'Sunday', 1, 70),
('ChIJLWNTMuhJXhMRc0uCYczaWys', 'Sunday', 2, 0),
('ChIJLWNTMuhJXhMRc0uCYczaWys', 'Sunday', 3, 0),
('ChIJLWNTMuhJXhMRc0uCYczaWys', 'Sunday', 4, 0),
('ChIJLWNTMuhJXhMRc0uCYczaWys', 'Sunday', 5, 0),
('ChIJLWNTMuhJXhMRc0uCYczaWys', 'Sunday', 6, 0),
('ChIJLWNTMuhJXhMRc0uCYczaWys', 'Sunday', 7, 0),
('ChIJLWNTMuhJXhMRc0uCYczaWys', 'Sunday', 8, 0),
('ChIJLWNTMuhJXhMRc0uCYczaWys', 'Sunday', 9, 8),
('ChIJLWNTMuhJXhMRc0uCYczaWys', 'Sunday', 10, 8),
('ChIJLWNTMuhJXhMRc0uCYczaWys', 'Sunday', 11, 9),
('ChIJLWNTMuhJXhMRc0uCYczaWys', 'Sunday', 12, 9),
('ChIJLWNTMuhJXhMRc0uCYczaWys', 'Sunday', 13, 8),
('ChIJLWNTMuhJXhMRc0uCYczaWys', 'Sunday', 14, 8),
('ChIJLWNTMuhJXhMRc0uCYczaWys', 'Sunday', 15, 7),
('ChIJLWNTMuhJXhMRc0uCYczaWys', 'Sunday', 16, 7),
('ChIJLWNTMuhJXhMRc0uCYczaWys', 'Sunday', 17, 7),
('ChIJLWNTMuhJXhMRc0uCYczaWys', 'Sunday', 18, 7),
('ChIJLWNTMuhJXhMRc0uCYczaWys', 'Sunday', 19, 9),
('ChIJLWNTMuhJXhMRc0uCYczaWys', 'Sunday', 20, 17),
('ChIJLWNTMuhJXhMRc0uCYczaWys', 'Sunday', 21, 28),
('ChIJLWNTMuhJXhMRc0uCYczaWys', 'Sunday', 22, 35),
('ChIJLWNTMuhJXhMRc0uCYczaWys', 'Sunday', 23, 31),
('ChIJLWNTMuhJXhMRc0uCYczaWys', 'Thursday', 0, 43),
('ChIJLWNTMuhJXhMRc0uCYczaWys', 'Thursday', 1, 29),
('ChIJLWNTMuhJXhMRc0uCYczaWys', 'Thursday', 2, 0),
('ChIJLWNTMuhJXhMRc0uCYczaWys', 'Thursday', 3, 0),
('ChIJLWNTMuhJXhMRc0uCYczaWys', 'Thursday', 4, 0),
('ChIJLWNTMuhJXhMRc0uCYczaWys', 'Thursday', 5, 0),
('ChIJLWNTMuhJXhMRc0uCYczaWys', 'Thursday', 6, 0),
('ChIJLWNTMuhJXhMRc0uCYczaWys', 'Thursday', 7, 0),
('ChIJLWNTMuhJXhMRc0uCYczaWys', 'Thursday', 8, 0),
('ChIJLWNTMuhJXhMRc0uCYczaWys', 'Thursday', 9, 9),
('ChIJLWNTMuhJXhMRc0uCYczaWys', 'Thursday', 10, 12),
('ChIJLWNTMuhJXhMRc0uCYczaWys', 'Thursday', 11, 15),
('ChIJLWNTMuhJXhMRc0uCYczaWys', 'Thursday', 12, 16),
('ChIJLWNTMuhJXhMRc0uCYczaWys', 'Thursday', 13, 14),
('ChIJLWNTMuhJXhMRc0uCYczaWys', 'Thursday', 14, 10),
('ChIJLWNTMuhJXhMRc0uCYczaWys', 'Thursday', 15, 6),
('ChIJLWNTMuhJXhMRc0uCYczaWys', 'Thursday', 16, 4),
('ChIJLWNTMuhJXhMRc0uCYczaWys', 'Thursday', 17, 5),
('ChIJLWNTMuhJXhMRc0uCYczaWys', 'Thursday', 18, 10),
('ChIJLWNTMuhJXhMRc0uCYczaWys', 'Thursday', 19, 19),
('ChIJLWNTMuhJXhMRc0uCYczaWys', 'Thursday', 20, 30),
('ChIJLWNTMuhJXhMRc0uCYczaWys', 'Thursday', 21, 39),
('ChIJLWNTMuhJXhMRc0uCYczaWys', 'Thursday', 22, 42),
('ChIJLWNTMuhJXhMRc0uCYczaWys', 'Thursday', 23, 37),
('ChIJLWNTMuhJXhMRc0uCYczaWys', 'Tuesday', 0, 6),
('ChIJLWNTMuhJXhMRc0uCYczaWys', 'Tuesday', 1, 6),
('ChIJLWNTMuhJXhMRc0uCYczaWys', 'Tuesday', 2, 0),
('ChIJLWNTMuhJXhMRc0uCYczaWys', 'Tuesday', 3, 0),
('ChIJLWNTMuhJXhMRc0uCYczaWys', 'Tuesday', 4, 0),
('ChIJLWNTMuhJXhMRc0uCYczaWys', 'Tuesday', 5, 0),
('ChIJLWNTMuhJXhMRc0uCYczaWys', 'Tuesday', 6, 0),
('ChIJLWNTMuhJXhMRc0uCYczaWys', 'Tuesday', 7, 0),
('ChIJLWNTMuhJXhMRc0uCYczaWys', 'Tuesday', 8, 0),
('ChIJLWNTMuhJXhMRc0uCYczaWys', 'Tuesday', 9, 10),
('ChIJLWNTMuhJXhMRc0uCYczaWys', 'Tuesday', 10, 11),
('ChIJLWNTMuhJXhMRc0uCYczaWys', 'Tuesday', 11, 12),
('ChIJLWNTMuhJXhMRc0uCYczaWys', 'Tuesday', 12, 12),
('ChIJLWNTMuhJXhMRc0uCYczaWys', 'Tuesday', 13, 11),
('ChIJLWNTMuhJXhMRc0uCYczaWys', 'Tuesday', 14, 10),
('ChIJLWNTMuhJXhMRc0uCYczaWys', 'Tuesday', 15, 9),
('ChIJLWNTMuhJXhMRc0uCYczaWys', 'Tuesday', 16, 8),
('ChIJLWNTMuhJXhMRc0uCYczaWys', 'Tuesday', 17, 8),
('ChIJLWNTMuhJXhMRc0uCYczaWys', 'Tuesday', 18, 10),
('ChIJLWNTMuhJXhMRc0uCYczaWys', 'Tuesday', 19, 14),
('ChIJLWNTMuhJXhMRc0uCYczaWys', 'Tuesday', 20, 21),
('ChIJLWNTMuhJXhMRc0uCYczaWys', 'Tuesday', 21, 27),
('ChIJLWNTMuhJXhMRc0uCYczaWys', 'Tuesday', 22, 31),
('ChIJLWNTMuhJXhMRc0uCYczaWys', 'Tuesday', 23, 30),
('ChIJLWNTMuhJXhMRc0uCYczaWys', 'Wednesday', 0, 25),
('ChIJLWNTMuhJXhMRc0uCYczaWys', 'Wednesday', 1, 18),
('ChIJLWNTMuhJXhMRc0uCYczaWys', 'Wednesday', 2, 0),
('ChIJLWNTMuhJXhMRc0uCYczaWys', 'Wednesday', 3, 0),
('ChIJLWNTMuhJXhMRc0uCYczaWys', 'Wednesday', 4, 0),
('ChIJLWNTMuhJXhMRc0uCYczaWys', 'Wednesday', 5, 0),
('ChIJLWNTMuhJXhMRc0uCYczaWys', 'Wednesday', 6, 0),
('ChIJLWNTMuhJXhMRc0uCYczaWys', 'Wednesday', 7, 0),
('ChIJLWNTMuhJXhMRc0uCYczaWys', 'Wednesday', 8, 0),
('ChIJLWNTMuhJXhMRc0uCYczaWys', 'Wednesday', 9, 11),
('ChIJLWNTMuhJXhMRc0uCYczaWys', 'Wednesday', 10, 12),
('ChIJLWNTMuhJXhMRc0uCYczaWys', 'Wednesday', 11, 13),
('ChIJLWNTMuhJXhMRc0uCYczaWys', 'Wednesday', 12, 12),
('ChIJLWNTMuhJXhMRc0uCYczaWys', 'Wednesday', 13, 11),
('ChIJLWNTMuhJXhMRc0uCYczaWys', 'Wednesday', 14, 9),
('ChIJLWNTMuhJXhMRc0uCYczaWys', 'Wednesday', 15, 7),
('ChIJLWNTMuhJXhMRc0uCYczaWys', 'Wednesday', 16, 5),
('ChIJLWNTMuhJXhMRc0uCYczaWys', 'Wednesday', 17, 4),
('ChIJLWNTMuhJXhMRc0uCYczaWys', 'Wednesday', 18, 3),
('ChIJLWNTMuhJXhMRc0uCYczaWys', 'Wednesday', 19, 6),
('ChIJLWNTMuhJXhMRc0uCYczaWys', 'Wednesday', 20, 13),
('ChIJLWNTMuhJXhMRc0uCYczaWys', 'Wednesday', 21, 27),
('ChIJLWNTMuhJXhMRc0uCYczaWys', 'Wednesday', 22, 42),
('ChIJLWNTMuhJXhMRc0uCYczaWys', 'Wednesday', 23, 50),
('ChIJOeK7WuhJXhMRp1dmjE1OOmo', 'Friday', 0, 0),
('ChIJOeK7WuhJXhMRp1dmjE1OOmo', 'Friday', 1, 0),
('ChIJOeK7WuhJXhMRp1dmjE1OOmo', 'Friday', 2, 0),
('ChIJOeK7WuhJXhMRp1dmjE1OOmo', 'Friday', 3, 0),
('ChIJOeK7WuhJXhMRp1dmjE1OOmo', 'Friday', 4, 0),
('ChIJOeK7WuhJXhMRp1dmjE1OOmo', 'Friday', 5, 0),
('ChIJOeK7WuhJXhMRp1dmjE1OOmo', 'Friday', 6, 0),
('ChIJOeK7WuhJXhMRp1dmjE1OOmo', 'Friday', 7, 0),
('ChIJOeK7WuhJXhMRp1dmjE1OOmo', 'Friday', 8, 16),
('ChIJOeK7WuhJXhMRp1dmjE1OOmo', 'Friday', 9, 50),
('ChIJOeK7WuhJXhMRp1dmjE1OOmo', 'Friday', 10, 75),
('ChIJOeK7WuhJXhMRp1dmjE1OOmo', 'Friday', 11, 69),
('ChIJOeK7WuhJXhMRp1dmjE1OOmo', 'Friday', 12, 64),
('ChIJOeK7WuhJXhMRp1dmjE1OOmo', 'Friday', 13, 54),
('ChIJOeK7WuhJXhMRp1dmjE1OOmo', 'Friday', 14, 30),
('ChIJOeK7WuhJXhMRp1dmjE1OOmo', 'Friday', 15, 0),
('ChIJOeK7WuhJXhMRp1dmjE1OOmo', 'Friday', 16, 0),
('ChIJOeK7WuhJXhMRp1dmjE1OOmo', 'Friday', 17, 24),
('ChIJOeK7WuhJXhMRp1dmjE1OOmo', 'Friday', 18, 32),
('ChIJOeK7WuhJXhMRp1dmjE1OOmo', 'Friday', 19, 32),
('ChIJOeK7WuhJXhMRp1dmjE1OOmo', 'Friday', 20, 24),
('ChIJOeK7WuhJXhMRp1dmjE1OOmo', 'Friday', 21, 0),
('ChIJOeK7WuhJXhMRp1dmjE1OOmo', 'Friday', 22, 0),
('ChIJOeK7WuhJXhMRp1dmjE1OOmo', 'Friday', 23, 0),
('ChIJOeK7WuhJXhMRp1dmjE1OOmo', 'Monday', 0, 0),
('ChIJOeK7WuhJXhMRp1dmjE1OOmo', 'Monday', 1, 0),
('ChIJOeK7WuhJXhMRp1dmjE1OOmo', 'Monday', 2, 0),
('ChIJOeK7WuhJXhMRp1dmjE1OOmo', 'Monday', 3, 0),
('ChIJOeK7WuhJXhMRp1dmjE1OOmo', 'Monday', 4, 0),
('ChIJOeK7WuhJXhMRp1dmjE1OOmo', 'Monday', 5, 0),
('ChIJOeK7WuhJXhMRp1dmjE1OOmo', 'Monday', 6, 0),
('ChIJOeK7WuhJXhMRp1dmjE1OOmo', 'Monday', 7, 0),
('ChIJOeK7WuhJXhMRp1dmjE1OOmo', 'Monday', 8, 35),
('ChIJOeK7WuhJXhMRp1dmjE1OOmo', 'Monday', 9, 81),
('ChIJOeK7WuhJXhMRp1dmjE1OOmo', 'Monday', 10, 84),
('ChIJOeK7WuhJXhMRp1dmjE1OOmo', 'Monday', 11, 50),
('ChIJOeK7WuhJXhMRp1dmjE1OOmo', 'Monday', 12, 52),
('ChIJOeK7WuhJXhMRp1dmjE1OOmo', 'Monday', 13, 66),
('ChIJOeK7WuhJXhMRp1dmjE1OOmo', 'Monday', 14, 37),
('ChIJOeK7WuhJXhMRp1dmjE1OOmo', 'Monday', 15, 0),
('ChIJOeK7WuhJXhMRp1dmjE1OOmo', 'Monday', 16, 0),
('ChIJOeK7WuhJXhMRp1dmjE1OOmo', 'Monday', 17, 0),
('ChIJOeK7WuhJXhMRp1dmjE1OOmo', 'Monday', 18, 0),
('ChIJOeK7WuhJXhMRp1dmjE1OOmo', 'Monday', 19, 0),
('ChIJOeK7WuhJXhMRp1dmjE1OOmo', 'Monday', 20, 0),
('ChIJOeK7WuhJXhMRp1dmjE1OOmo', 'Monday', 21, 0),
('ChIJOeK7WuhJXhMRp1dmjE1OOmo', 'Monday', 22, 0),
('ChIJOeK7WuhJXhMRp1dmjE1OOmo', 'Monday', 23, 0),
('ChIJOeK7WuhJXhMRp1dmjE1OOmo', 'Saturday', 0, 0),
('ChIJOeK7WuhJXhMRp1dmjE1OOmo', 'Saturday', 1, 0),
('ChIJOeK7WuhJXhMRp1dmjE1OOmo', 'Saturday', 2, 0),
('ChIJOeK7WuhJXhMRp1dmjE1OOmo', 'Saturday', 3, 0),
('ChIJOeK7WuhJXhMRp1dmjE1OOmo', 'Saturday', 4, 0),
('ChIJOeK7WuhJXhMRp1dmjE1OOmo', 'Saturday', 5, 0),
('ChIJOeK7WuhJXhMRp1dmjE1OOmo', 'Saturday', 6, 0),
('ChIJOeK7WuhJXhMRp1dmjE1OOmo', 'Saturday', 7, 0),
('ChIJOeK7WuhJXhMRp1dmjE1OOmo', 'Saturday', 8, 16),
('ChIJOeK7WuhJXhMRp1dmjE1OOmo', 'Saturday', 9, 30),
('ChIJOeK7WuhJXhMRp1dmjE1OOmo', 'Saturday', 10, 37),
('ChIJOeK7WuhJXhMRp1dmjE1OOmo', 'Saturday', 11, 43),
('ChIJOeK7WuhJXhMRp1dmjE1OOmo', 'Saturday', 12, 45),
('ChIJOeK7WuhJXhMRp1dmjE1OOmo', 'Saturday', 13, 37),
('ChIJOeK7WuhJXhMRp1dmjE1OOmo', 'Saturday', 14, 20),
('ChIJOeK7WuhJXhMRp1dmjE1OOmo', 'Saturday', 15, 0),
('ChIJOeK7WuhJXhMRp1dmjE1OOmo', 'Saturday', 16, 0),
('ChIJOeK7WuhJXhMRp1dmjE1OOmo', 'Saturday', 17, 0),
('ChIJOeK7WuhJXhMRp1dmjE1OOmo', 'Saturday', 18, 0),
('ChIJOeK7WuhJXhMRp1dmjE1OOmo', 'Saturday', 19, 0),
('ChIJOeK7WuhJXhMRp1dmjE1OOmo', 'Saturday', 20, 0),
('ChIJOeK7WuhJXhMRp1dmjE1OOmo', 'Saturday', 21, 0),
('ChIJOeK7WuhJXhMRp1dmjE1OOmo', 'Saturday', 22, 0),
('ChIJOeK7WuhJXhMRp1dmjE1OOmo', 'Saturday', 23, 0),
('ChIJOeK7WuhJXhMRp1dmjE1OOmo', 'Sunday', 0, 0),
('ChIJOeK7WuhJXhMRp1dmjE1OOmo', 'Sunday', 1, 0),
('ChIJOeK7WuhJXhMRp1dmjE1OOmo', 'Sunday', 2, 0),
('ChIJOeK7WuhJXhMRp1dmjE1OOmo', 'Sunday', 3, 0),
('ChIJOeK7WuhJXhMRp1dmjE1OOmo', 'Sunday', 4, 0),
('ChIJOeK7WuhJXhMRp1dmjE1OOmo', 'Sunday', 5, 0),
('ChIJOeK7WuhJXhMRp1dmjE1OOmo', 'Sunday', 6, 0),
('ChIJOeK7WuhJXhMRp1dmjE1OOmo', 'Sunday', 7, 0),
('ChIJOeK7WuhJXhMRp1dmjE1OOmo', 'Sunday', 8, 0),
('ChIJOeK7WuhJXhMRp1dmjE1OOmo', 'Sunday', 9, 0),
('ChIJOeK7WuhJXhMRp1dmjE1OOmo', 'Sunday', 10, 0),
('ChIJOeK7WuhJXhMRp1dmjE1OOmo', 'Sunday', 11, 0),
('ChIJOeK7WuhJXhMRp1dmjE1OOmo', 'Sunday', 12, 0),
('ChIJOeK7WuhJXhMRp1dmjE1OOmo', 'Sunday', 13, 0),
('ChIJOeK7WuhJXhMRp1dmjE1OOmo', 'Sunday', 14, 0),
('ChIJOeK7WuhJXhMRp1dmjE1OOmo', 'Sunday', 15, 0),
('ChIJOeK7WuhJXhMRp1dmjE1OOmo', 'Sunday', 16, 0),
('ChIJOeK7WuhJXhMRp1dmjE1OOmo', 'Sunday', 17, 0),
('ChIJOeK7WuhJXhMRp1dmjE1OOmo', 'Sunday', 18, 0),
('ChIJOeK7WuhJXhMRp1dmjE1OOmo', 'Sunday', 19, 0),
('ChIJOeK7WuhJXhMRp1dmjE1OOmo', 'Sunday', 20, 0),
('ChIJOeK7WuhJXhMRp1dmjE1OOmo', 'Sunday', 21, 0),
('ChIJOeK7WuhJXhMRp1dmjE1OOmo', 'Sunday', 22, 0),
('ChIJOeK7WuhJXhMRp1dmjE1OOmo', 'Sunday', 23, 0),
('ChIJOeK7WuhJXhMRp1dmjE1OOmo', 'Thursday', 0, 0),
('ChIJOeK7WuhJXhMRp1dmjE1OOmo', 'Thursday', 1, 0),
('ChIJOeK7WuhJXhMRp1dmjE1OOmo', 'Thursday', 2, 0),
('ChIJOeK7WuhJXhMRp1dmjE1OOmo', 'Thursday', 3, 0),
('ChIJOeK7WuhJXhMRp1dmjE1OOmo', 'Thursday', 4, 0),
('ChIJOeK7WuhJXhMRp1dmjE1OOmo', 'Thursday', 5, 0),
('ChIJOeK7WuhJXhMRp1dmjE1OOmo', 'Thursday', 6, 0),
('ChIJOeK7WuhJXhMRp1dmjE1OOmo', 'Thursday', 7, 0),
('ChIJOeK7WuhJXhMRp1dmjE1OOmo', 'Thursday', 8, 32),
('ChIJOeK7WuhJXhMRp1dmjE1OOmo', 'Thursday', 9, 60),
('ChIJOeK7WuhJXhMRp1dmjE1OOmo', 'Thursday', 10, 75),
('ChIJOeK7WuhJXhMRp1dmjE1OOmo', 'Thursday', 11, 67),
('ChIJOeK7WuhJXhMRp1dmjE1OOmo', 'Thursday', 12, 45),
('ChIJOeK7WuhJXhMRp1dmjE1OOmo', 'Thursday', 13, 30),
('ChIJOeK7WuhJXhMRp1dmjE1OOmo', 'Thursday', 14, 24),
('ChIJOeK7WuhJXhMRp1dmjE1OOmo', 'Thursday', 15, 0),
('ChIJOeK7WuhJXhMRp1dmjE1OOmo', 'Thursday', 16, 0),
('ChIJOeK7WuhJXhMRp1dmjE1OOmo', 'Thursday', 17, 32),
('ChIJOeK7WuhJXhMRp1dmjE1OOmo', 'Thursday', 18, 30),
('ChIJOeK7WuhJXhMRp1dmjE1OOmo', 'Thursday', 19, 28),
('ChIJOeK7WuhJXhMRp1dmjE1OOmo', 'Thursday', 20, 22),
('ChIJOeK7WuhJXhMRp1dmjE1OOmo', 'Thursday', 21, 0),
('ChIJOeK7WuhJXhMRp1dmjE1OOmo', 'Thursday', 22, 0),
('ChIJOeK7WuhJXhMRp1dmjE1OOmo', 'Thursday', 23, 0),
('ChIJOeK7WuhJXhMRp1dmjE1OOmo', 'Tuesday', 0, 0),
('ChIJOeK7WuhJXhMRp1dmjE1OOmo', 'Tuesday', 1, 0),
('ChIJOeK7WuhJXhMRp1dmjE1OOmo', 'Tuesday', 2, 0),
('ChIJOeK7WuhJXhMRp1dmjE1OOmo', 'Tuesday', 3, 0),
('ChIJOeK7WuhJXhMRp1dmjE1OOmo', 'Tuesday', 4, 0),
('ChIJOeK7WuhJXhMRp1dmjE1OOmo', 'Tuesday', 5, 0),
('ChIJOeK7WuhJXhMRp1dmjE1OOmo', 'Tuesday', 6, 0),
('ChIJOeK7WuhJXhMRp1dmjE1OOmo', 'Tuesday', 7, 0),
('ChIJOeK7WuhJXhMRp1dmjE1OOmo', 'Tuesday', 8, 20),
('ChIJOeK7WuhJXhMRp1dmjE1OOmo', 'Tuesday', 9, 50),
('ChIJOeK7WuhJXhMRp1dmjE1OOmo', 'Tuesday', 10, 84),
('ChIJOeK7WuhJXhMRp1dmjE1OOmo', 'Tuesday', 11, 100),
('ChIJOeK7WuhJXhMRp1dmjE1OOmo', 'Tuesday', 12, 83),
('ChIJOeK7WuhJXhMRp1dmjE1OOmo', 'Tuesday', 13, 49),
('ChIJOeK7WuhJXhMRp1dmjE1OOmo', 'Tuesday', 14, 22),
('ChIJOeK7WuhJXhMRp1dmjE1OOmo', 'Tuesday', 15, 0),
('ChIJOeK7WuhJXhMRp1dmjE1OOmo', 'Tuesday', 16, 0),
('ChIJOeK7WuhJXhMRp1dmjE1OOmo', 'Tuesday', 17, 22),
('ChIJOeK7WuhJXhMRp1dmjE1OOmo', 'Tuesday', 18, 32),
('ChIJOeK7WuhJXhMRp1dmjE1OOmo', 'Tuesday', 19, 32),
('ChIJOeK7WuhJXhMRp1dmjE1OOmo', 'Tuesday', 20, 20),
('ChIJOeK7WuhJXhMRp1dmjE1OOmo', 'Tuesday', 21, 0),
('ChIJOeK7WuhJXhMRp1dmjE1OOmo', 'Tuesday', 22, 0),
('ChIJOeK7WuhJXhMRp1dmjE1OOmo', 'Tuesday', 23, 0),
('ChIJOeK7WuhJXhMRp1dmjE1OOmo', 'Wednesday', 0, 0),
('ChIJOeK7WuhJXhMRp1dmjE1OOmo', 'Wednesday', 1, 0),
('ChIJOeK7WuhJXhMRp1dmjE1OOmo', 'Wednesday', 2, 0),
('ChIJOeK7WuhJXhMRp1dmjE1OOmo', 'Wednesday', 3, 0),
('ChIJOeK7WuhJXhMRp1dmjE1OOmo', 'Wednesday', 4, 0),
('ChIJOeK7WuhJXhMRp1dmjE1OOmo', 'Wednesday', 5, 0),
('ChIJOeK7WuhJXhMRp1dmjE1OOmo', 'Wednesday', 6, 0),
('ChIJOeK7WuhJXhMRp1dmjE1OOmo', 'Wednesday', 7, 0),
('ChIJOeK7WuhJXhMRp1dmjE1OOmo', 'Wednesday', 8, 45),
('ChIJOeK7WuhJXhMRp1dmjE1OOmo', 'Wednesday', 9, 66),
('ChIJOeK7WuhJXhMRp1dmjE1OOmo', 'Wednesday', 10, 67),
('ChIJOeK7WuhJXhMRp1dmjE1OOmo', 'Wednesday', 11, 84),
('ChIJOeK7WuhJXhMRp1dmjE1OOmo', 'Wednesday', 12, 100),
('ChIJOeK7WuhJXhMRp1dmjE1OOmo', 'Wednesday', 13, 83),
('ChIJOeK7WuhJXhMRp1dmjE1OOmo', 'Wednesday', 14, 45),
('ChIJOeK7WuhJXhMRp1dmjE1OOmo', 'Wednesday', 15, 0),
('ChIJOeK7WuhJXhMRp1dmjE1OOmo', 'Wednesday', 16, 0),
('ChIJOeK7WuhJXhMRp1dmjE1OOmo', 'Wednesday', 17, 0),
('ChIJOeK7WuhJXhMRp1dmjE1OOmo', 'Wednesday', 18, 0),
('ChIJOeK7WuhJXhMRp1dmjE1OOmo', 'Wednesday', 19, 0),
('ChIJOeK7WuhJXhMRp1dmjE1OOmo', 'Wednesday', 20, 0),
('ChIJOeK7WuhJXhMRp1dmjE1OOmo', 'Wednesday', 21, 0),
('ChIJOeK7WuhJXhMRp1dmjE1OOmo', 'Wednesday', 22, 0),
('ChIJOeK7WuhJXhMRp1dmjE1OOmo', 'Wednesday', 23, 0),
('ChIJSap7relJXhMRUkopSQsXwuI', 'Friday', 0, 0),
('ChIJSap7relJXhMRUkopSQsXwuI', 'Friday', 1, 0),
('ChIJSap7relJXhMRUkopSQsXwuI', 'Friday', 2, 0),
('ChIJSap7relJXhMRUkopSQsXwuI', 'Friday', 3, 0),
('ChIJSap7relJXhMRUkopSQsXwuI', 'Friday', 4, 0),
('ChIJSap7relJXhMRUkopSQsXwuI', 'Friday', 5, 0),
('ChIJSap7relJXhMRUkopSQsXwuI', 'Friday', 6, 0),
('ChIJSap7relJXhMRUkopSQsXwuI', 'Friday', 7, 0),
('ChIJSap7relJXhMRUkopSQsXwuI', 'Friday', 8, 0),
('ChIJSap7relJXhMRUkopSQsXwuI', 'Friday', 9, 30),
('ChIJSap7relJXhMRUkopSQsXwuI', 'Friday', 10, 57),
('ChIJSap7relJXhMRUkopSQsXwuI', 'Friday', 11, 73),
('ChIJSap7relJXhMRUkopSQsXwuI', 'Friday', 12, 71),
('ChIJSap7relJXhMRUkopSQsXwuI', 'Friday', 13, 50),
('ChIJSap7relJXhMRUkopSQsXwuI', 'Friday', 14, 0),
('ChIJSap7relJXhMRUkopSQsXwuI', 'Friday', 15, 0),
('ChIJSap7relJXhMRUkopSQsXwuI', 'Friday', 16, 0),
('ChIJSap7relJXhMRUkopSQsXwuI', 'Friday', 17, 21),
('ChIJSap7relJXhMRUkopSQsXwuI', 'Friday', 18, 26),
('ChIJSap7relJXhMRUkopSQsXwuI', 'Friday', 19, 26),
('ChIJSap7relJXhMRUkopSQsXwuI', 'Friday', 20, 23),
('ChIJSap7relJXhMRUkopSQsXwuI', 'Friday', 21, 0),
('ChIJSap7relJXhMRUkopSQsXwuI', 'Friday', 22, 0),
('ChIJSap7relJXhMRUkopSQsXwuI', 'Friday', 23, 0),
('ChIJSap7relJXhMRUkopSQsXwuI', 'Monday', 0, 0),
('ChIJSap7relJXhMRUkopSQsXwuI', 'Monday', 1, 0),
('ChIJSap7relJXhMRUkopSQsXwuI', 'Monday', 2, 0),
('ChIJSap7relJXhMRUkopSQsXwuI', 'Monday', 3, 0),
('ChIJSap7relJXhMRUkopSQsXwuI', 'Monday', 4, 0),
('ChIJSap7relJXhMRUkopSQsXwuI', 'Monday', 5, 0),
('ChIJSap7relJXhMRUkopSQsXwuI', 'Monday', 6, 0),
('ChIJSap7relJXhMRUkopSQsXwuI', 'Monday', 7, 0),
('ChIJSap7relJXhMRUkopSQsXwuI', 'Monday', 8, 0),
('ChIJSap7relJXhMRUkopSQsXwuI', 'Monday', 9, 14),
('ChIJSap7relJXhMRUkopSQsXwuI', 'Monday', 10, 59),
('ChIJSap7relJXhMRUkopSQsXwuI', 'Monday', 11, 54),
('ChIJSap7relJXhMRUkopSQsXwuI', 'Monday', 12, 59),
('ChIJSap7relJXhMRUkopSQsXwuI', 'Monday', 13, 64),
('ChIJSap7relJXhMRUkopSQsXwuI', 'Monday', 14, 28),
('ChIJSap7relJXhMRUkopSQsXwuI', 'Monday', 15, 0),
('ChIJSap7relJXhMRUkopSQsXwuI', 'Monday', 16, 0),
('ChIJSap7relJXhMRUkopSQsXwuI', 'Monday', 17, 0),
('ChIJSap7relJXhMRUkopSQsXwuI', 'Monday', 18, 0),
('ChIJSap7relJXhMRUkopSQsXwuI', 'Monday', 19, 0),
('ChIJSap7relJXhMRUkopSQsXwuI', 'Monday', 20, 0),
('ChIJSap7relJXhMRUkopSQsXwuI', 'Monday', 21, 0),
('ChIJSap7relJXhMRUkopSQsXwuI', 'Monday', 22, 0),
('ChIJSap7relJXhMRUkopSQsXwuI', 'Monday', 23, 0),
('ChIJSap7relJXhMRUkopSQsXwuI', 'Saturday', 0, 0),
('ChIJSap7relJXhMRUkopSQsXwuI', 'Saturday', 1, 0),
('ChIJSap7relJXhMRUkopSQsXwuI', 'Saturday', 2, 0),
('ChIJSap7relJXhMRUkopSQsXwuI', 'Saturday', 3, 0),
('ChIJSap7relJXhMRUkopSQsXwuI', 'Saturday', 4, 0),
('ChIJSap7relJXhMRUkopSQsXwuI', 'Saturday', 5, 0),
('ChIJSap7relJXhMRUkopSQsXwuI', 'Saturday', 6, 0),
('ChIJSap7relJXhMRUkopSQsXwuI', 'Saturday', 7, 0),
('ChIJSap7relJXhMRUkopSQsXwuI', 'Saturday', 8, 0),
('ChIJSap7relJXhMRUkopSQsXwuI', 'Saturday', 9, 40),
('ChIJSap7relJXhMRUkopSQsXwuI', 'Saturday', 10, 73),
('ChIJSap7relJXhMRUkopSQsXwuI', 'Saturday', 11, 97),
('ChIJSap7relJXhMRUkopSQsXwuI', 'Saturday', 12, 97),
('ChIJSap7relJXhMRUkopSQsXwuI', 'Saturday', 13, 73),
('ChIJSap7relJXhMRUkopSQsXwuI', 'Saturday', 14, 40),
('ChIJSap7relJXhMRUkopSQsXwuI', 'Saturday', 15, 0),
('ChIJSap7relJXhMRUkopSQsXwuI', 'Saturday', 16, 0),
('ChIJSap7relJXhMRUkopSQsXwuI', 'Saturday', 17, 0),
('ChIJSap7relJXhMRUkopSQsXwuI', 'Saturday', 18, 0),
('ChIJSap7relJXhMRUkopSQsXwuI', 'Saturday', 19, 0),
('ChIJSap7relJXhMRUkopSQsXwuI', 'Saturday', 20, 0),
('ChIJSap7relJXhMRUkopSQsXwuI', 'Saturday', 21, 0),
('ChIJSap7relJXhMRUkopSQsXwuI', 'Saturday', 22, 0),
('ChIJSap7relJXhMRUkopSQsXwuI', 'Saturday', 23, 0),
('ChIJSap7relJXhMRUkopSQsXwuI', 'Sunday', 0, 0),
('ChIJSap7relJXhMRUkopSQsXwuI', 'Sunday', 1, 0),
('ChIJSap7relJXhMRUkopSQsXwuI', 'Sunday', 2, 0),
('ChIJSap7relJXhMRUkopSQsXwuI', 'Sunday', 3, 0),
('ChIJSap7relJXhMRUkopSQsXwuI', 'Sunday', 4, 0),
('ChIJSap7relJXhMRUkopSQsXwuI', 'Sunday', 5, 0),
('ChIJSap7relJXhMRUkopSQsXwuI', 'Sunday', 6, 0),
('ChIJSap7relJXhMRUkopSQsXwuI', 'Sunday', 7, 0),
('ChIJSap7relJXhMRUkopSQsXwuI', 'Sunday', 8, 0),
('ChIJSap7relJXhMRUkopSQsXwuI', 'Sunday', 9, 0),
('ChIJSap7relJXhMRUkopSQsXwuI', 'Sunday', 10, 0),
('ChIJSap7relJXhMRUkopSQsXwuI', 'Sunday', 11, 0),
('ChIJSap7relJXhMRUkopSQsXwuI', 'Sunday', 12, 0),
('ChIJSap7relJXhMRUkopSQsXwuI', 'Sunday', 13, 0),
('ChIJSap7relJXhMRUkopSQsXwuI', 'Sunday', 14, 0),
('ChIJSap7relJXhMRUkopSQsXwuI', 'Sunday', 15, 0),
('ChIJSap7relJXhMRUkopSQsXwuI', 'Sunday', 16, 0),
('ChIJSap7relJXhMRUkopSQsXwuI', 'Sunday', 17, 0),
('ChIJSap7relJXhMRUkopSQsXwuI', 'Sunday', 18, 0),
('ChIJSap7relJXhMRUkopSQsXwuI', 'Sunday', 19, 0),
('ChIJSap7relJXhMRUkopSQsXwuI', 'Sunday', 20, 0),
('ChIJSap7relJXhMRUkopSQsXwuI', 'Sunday', 21, 0),
('ChIJSap7relJXhMRUkopSQsXwuI', 'Sunday', 22, 0),
('ChIJSap7relJXhMRUkopSQsXwuI', 'Sunday', 23, 0),
('ChIJSap7relJXhMRUkopSQsXwuI', 'Thursday', 0, 0),
('ChIJSap7relJXhMRUkopSQsXwuI', 'Thursday', 1, 0),
('ChIJSap7relJXhMRUkopSQsXwuI', 'Thursday', 2, 0),
('ChIJSap7relJXhMRUkopSQsXwuI', 'Thursday', 3, 0),
('ChIJSap7relJXhMRUkopSQsXwuI', 'Thursday', 4, 0),
('ChIJSap7relJXhMRUkopSQsXwuI', 'Thursday', 5, 0),
('ChIJSap7relJXhMRUkopSQsXwuI', 'Thursday', 6, 0),
('ChIJSap7relJXhMRUkopSQsXwuI', 'Thursday', 7, 0),
('ChIJSap7relJXhMRUkopSQsXwuI', 'Thursday', 8, 0),
('ChIJSap7relJXhMRUkopSQsXwuI', 'Thursday', 9, 7),
('ChIJSap7relJXhMRUkopSQsXwuI', 'Thursday', 10, 21),
('ChIJSap7relJXhMRUkopSQsXwuI', 'Thursday', 11, 57),
('ChIJSap7relJXhMRUkopSQsXwuI', 'Thursday', 12, 92),
('ChIJSap7relJXhMRUkopSQsXwuI', 'Thursday', 13, 88),
('ChIJSap7relJXhMRUkopSQsXwuI', 'Thursday', 14, 0),
('ChIJSap7relJXhMRUkopSQsXwuI', 'Thursday', 15, 0),
('ChIJSap7relJXhMRUkopSQsXwuI', 'Thursday', 16, 0),
('ChIJSap7relJXhMRUkopSQsXwuI', 'Thursday', 17, 54),
('ChIJSap7relJXhMRUkopSQsXwuI', 'Thursday', 18, 64),
('ChIJSap7relJXhMRUkopSQsXwuI', 'Thursday', 19, 40),
('ChIJSap7relJXhMRUkopSQsXwuI', 'Thursday', 20, 14),
('ChIJSap7relJXhMRUkopSQsXwuI', 'Thursday', 21, 0),
('ChIJSap7relJXhMRUkopSQsXwuI', 'Thursday', 22, 0),
('ChIJSap7relJXhMRUkopSQsXwuI', 'Thursday', 23, 0),
('ChIJSap7relJXhMRUkopSQsXwuI', 'Tuesday', 0, 0),
('ChIJSap7relJXhMRUkopSQsXwuI', 'Tuesday', 1, 0),
('ChIJSap7relJXhMRUkopSQsXwuI', 'Tuesday', 2, 0),
('ChIJSap7relJXhMRUkopSQsXwuI', 'Tuesday', 3, 0),
('ChIJSap7relJXhMRUkopSQsXwuI', 'Tuesday', 4, 0),
('ChIJSap7relJXhMRUkopSQsXwuI', 'Tuesday', 5, 0),
('ChIJSap7relJXhMRUkopSQsXwuI', 'Tuesday', 6, 0),
('ChIJSap7relJXhMRUkopSQsXwuI', 'Tuesday', 7, 0),
('ChIJSap7relJXhMRUkopSQsXwuI', 'Tuesday', 8, 0),
('ChIJSap7relJXhMRUkopSQsXwuI', 'Tuesday', 9, 9),
('ChIJSap7relJXhMRUkopSQsXwuI', 'Tuesday', 10, 52),
('ChIJSap7relJXhMRUkopSQsXwuI', 'Tuesday', 11, 80),
('ChIJSap7relJXhMRUkopSQsXwuI', 'Tuesday', 12, 95),
('ChIJSap7relJXhMRUkopSQsXwuI', 'Tuesday', 13, 95),
('ChIJSap7relJXhMRUkopSQsXwuI', 'Tuesday', 14, 0),
('ChIJSap7relJXhMRUkopSQsXwuI', 'Tuesday', 15, 0),
('ChIJSap7relJXhMRUkopSQsXwuI', 'Tuesday', 16, 0),
('ChIJSap7relJXhMRUkopSQsXwuI', 'Tuesday', 17, 28),
('ChIJSap7relJXhMRUkopSQsXwuI', 'Tuesday', 18, 64),
('ChIJSap7relJXhMRUkopSQsXwuI', 'Tuesday', 19, 59),
('ChIJSap7relJXhMRUkopSQsXwuI', 'Tuesday', 20, 21),
('ChIJSap7relJXhMRUkopSQsXwuI', 'Tuesday', 21, 0),
('ChIJSap7relJXhMRUkopSQsXwuI', 'Tuesday', 22, 0),
('ChIJSap7relJXhMRUkopSQsXwuI', 'Tuesday', 23, 0),
('ChIJSap7relJXhMRUkopSQsXwuI', 'Wednesday', 0, 0),
('ChIJSap7relJXhMRUkopSQsXwuI', 'Wednesday', 1, 0),
('ChIJSap7relJXhMRUkopSQsXwuI', 'Wednesday', 2, 0),
('ChIJSap7relJXhMRUkopSQsXwuI', 'Wednesday', 3, 0),
('ChIJSap7relJXhMRUkopSQsXwuI', 'Wednesday', 4, 0),
('ChIJSap7relJXhMRUkopSQsXwuI', 'Wednesday', 5, 0),
('ChIJSap7relJXhMRUkopSQsXwuI', 'Wednesday', 6, 0),
('ChIJSap7relJXhMRUkopSQsXwuI', 'Wednesday', 7, 0),
('ChIJSap7relJXhMRUkopSQsXwuI', 'Wednesday', 8, 0),
('ChIJSap7relJXhMRUkopSQsXwuI', 'Wednesday', 9, 19),
('ChIJSap7relJXhMRUkopSQsXwuI', 'Wednesday', 10, 52),
('ChIJSap7relJXhMRUkopSQsXwuI', 'Wednesday', 11, 88),
('ChIJSap7relJXhMRUkopSQsXwuI', 'Wednesday', 12, 100),
('ChIJSap7relJXhMRUkopSQsXwuI', 'Wednesday', 13, 78),
('ChIJSap7relJXhMRUkopSQsXwuI', 'Wednesday', 14, 40),
('ChIJSap7relJXhMRUkopSQsXwuI', 'Wednesday', 15, 0),
('ChIJSap7relJXhMRUkopSQsXwuI', 'Wednesday', 16, 0),
('ChIJSap7relJXhMRUkopSQsXwuI', 'Wednesday', 17, 0),
('ChIJSap7relJXhMRUkopSQsXwuI', 'Wednesday', 18, 0),
('ChIJSap7relJXhMRUkopSQsXwuI', 'Wednesday', 19, 0),
('ChIJSap7relJXhMRUkopSQsXwuI', 'Wednesday', 20, 0),
('ChIJSap7relJXhMRUkopSQsXwuI', 'Wednesday', 21, 0),
('ChIJSap7relJXhMRUkopSQsXwuI', 'Wednesday', 22, 0),
('ChIJSap7relJXhMRUkopSQsXwuI', 'Wednesday', 23, 0),
('ChIJvdLwXS1JXhMRif9ab2ps-gA', 'Friday', 0, 0),
('ChIJvdLwXS1JXhMRif9ab2ps-gA', 'Friday', 1, 0),
('ChIJvdLwXS1JXhMRif9ab2ps-gA', 'Friday', 2, 0),
('ChIJvdLwXS1JXhMRif9ab2ps-gA', 'Friday', 3, 0),
('ChIJvdLwXS1JXhMRif9ab2ps-gA', 'Friday', 4, 0),
('ChIJvdLwXS1JXhMRif9ab2ps-gA', 'Friday', 5, 0),
('ChIJvdLwXS1JXhMRif9ab2ps-gA', 'Friday', 6, 0),
('ChIJvdLwXS1JXhMRif9ab2ps-gA', 'Friday', 7, 0),
('ChIJvdLwXS1JXhMRif9ab2ps-gA', 'Friday', 8, 0),
('ChIJvdLwXS1JXhMRif9ab2ps-gA', 'Friday', 9, 7),
('ChIJvdLwXS1JXhMRif9ab2ps-gA', 'Friday', 10, 19),
('ChIJvdLwXS1JXhMRif9ab2ps-gA', 'Friday', 11, 34),
('ChIJvdLwXS1JXhMRif9ab2ps-gA', 'Friday', 12, 38),
('ChIJvdLwXS1JXhMRif9ab2ps-gA', 'Friday', 13, 26),
('ChIJvdLwXS1JXhMRif9ab2ps-gA', 'Friday', 14, 0),
('ChIJvdLwXS1JXhMRif9ab2ps-gA', 'Friday', 15, 0),
('ChIJvdLwXS1JXhMRif9ab2ps-gA', 'Friday', 16, 0),
('ChIJvdLwXS1JXhMRif9ab2ps-gA', 'Friday', 17, 19),
('ChIJvdLwXS1JXhMRif9ab2ps-gA', 'Friday', 18, 23),
('ChIJvdLwXS1JXhMRif9ab2ps-gA', 'Friday', 19, 26),
('ChIJvdLwXS1JXhMRif9ab2ps-gA', 'Friday', 20, 19),
('ChIJvdLwXS1JXhMRif9ab2ps-gA', 'Friday', 21, 0),
('ChIJvdLwXS1JXhMRif9ab2ps-gA', 'Friday', 22, 0),
('ChIJvdLwXS1JXhMRif9ab2ps-gA', 'Friday', 23, 0),
('ChIJvdLwXS1JXhMRif9ab2ps-gA', 'Monday', 0, 0),
('ChIJvdLwXS1JXhMRif9ab2ps-gA', 'Monday', 1, 0),
('ChIJvdLwXS1JXhMRif9ab2ps-gA', 'Monday', 2, 0),
('ChIJvdLwXS1JXhMRif9ab2ps-gA', 'Monday', 3, 0),
('ChIJvdLwXS1JXhMRif9ab2ps-gA', 'Monday', 4, 0),
('ChIJvdLwXS1JXhMRif9ab2ps-gA', 'Monday', 5, 0),
('ChIJvdLwXS1JXhMRif9ab2ps-gA', 'Monday', 6, 0),
('ChIJvdLwXS1JXhMRif9ab2ps-gA', 'Monday', 7, 0),
('ChIJvdLwXS1JXhMRif9ab2ps-gA', 'Monday', 8, 0),
('ChIJvdLwXS1JXhMRif9ab2ps-gA', 'Monday', 9, 0),
('ChIJvdLwXS1JXhMRif9ab2ps-gA', 'Monday', 10, 0),
('ChIJvdLwXS1JXhMRif9ab2ps-gA', 'Monday', 11, 19),
('ChIJvdLwXS1JXhMRif9ab2ps-gA', 'Monday', 12, 100),
('ChIJvdLwXS1JXhMRif9ab2ps-gA', 'Monday', 13, 76),
('ChIJvdLwXS1JXhMRif9ab2ps-gA', 'Monday', 14, 11),
('ChIJvdLwXS1JXhMRif9ab2ps-gA', 'Monday', 15, 0),
('ChIJvdLwXS1JXhMRif9ab2ps-gA', 'Monday', 16, 0),
('ChIJvdLwXS1JXhMRif9ab2ps-gA', 'Monday', 17, 0),
('ChIJvdLwXS1JXhMRif9ab2ps-gA', 'Monday', 18, 0),
('ChIJvdLwXS1JXhMRif9ab2ps-gA', 'Monday', 19, 0),
('ChIJvdLwXS1JXhMRif9ab2ps-gA', 'Monday', 20, 0),
('ChIJvdLwXS1JXhMRif9ab2ps-gA', 'Monday', 21, 0),
('ChIJvdLwXS1JXhMRif9ab2ps-gA', 'Monday', 22, 0),
('ChIJvdLwXS1JXhMRif9ab2ps-gA', 'Monday', 23, 0),
('ChIJvdLwXS1JXhMRif9ab2ps-gA', 'Saturday', 0, 0),
('ChIJvdLwXS1JXhMRif9ab2ps-gA', 'Saturday', 1, 0),
('ChIJvdLwXS1JXhMRif9ab2ps-gA', 'Saturday', 2, 0),
('ChIJvdLwXS1JXhMRif9ab2ps-gA', 'Saturday', 3, 0),
('ChIJvdLwXS1JXhMRif9ab2ps-gA', 'Saturday', 4, 0),
('ChIJvdLwXS1JXhMRif9ab2ps-gA', 'Saturday', 5, 0),
('ChIJvdLwXS1JXhMRif9ab2ps-gA', 'Saturday', 6, 0),
('ChIJvdLwXS1JXhMRif9ab2ps-gA', 'Saturday', 7, 0),
('ChIJvdLwXS1JXhMRif9ab2ps-gA', 'Saturday', 8, 0),
('ChIJvdLwXS1JXhMRif9ab2ps-gA', 'Saturday', 9, 0),
('ChIJvdLwXS1JXhMRif9ab2ps-gA', 'Saturday', 10, 0),
('ChIJvdLwXS1JXhMRif9ab2ps-gA', 'Saturday', 11, 0),
('ChIJvdLwXS1JXhMRif9ab2ps-gA', 'Saturday', 12, 0),
('ChIJvdLwXS1JXhMRif9ab2ps-gA', 'Saturday', 13, 0),
('ChIJvdLwXS1JXhMRif9ab2ps-gA', 'Saturday', 14, 0),
('ChIJvdLwXS1JXhMRif9ab2ps-gA', 'Saturday', 15, 0),
('ChIJvdLwXS1JXhMRif9ab2ps-gA', 'Saturday', 16, 0),
('ChIJvdLwXS1JXhMRif9ab2ps-gA', 'Saturday', 17, 0),
('ChIJvdLwXS1JXhMRif9ab2ps-gA', 'Saturday', 18, 0),
('ChIJvdLwXS1JXhMRif9ab2ps-gA', 'Saturday', 19, 0),
('ChIJvdLwXS1JXhMRif9ab2ps-gA', 'Saturday', 20, 0),
('ChIJvdLwXS1JXhMRif9ab2ps-gA', 'Saturday', 21, 0),
('ChIJvdLwXS1JXhMRif9ab2ps-gA', 'Saturday', 22, 0),
('ChIJvdLwXS1JXhMRif9ab2ps-gA', 'Saturday', 23, 0),
('ChIJvdLwXS1JXhMRif9ab2ps-gA', 'Sunday', 0, 0),
('ChIJvdLwXS1JXhMRif9ab2ps-gA', 'Sunday', 1, 0),
('ChIJvdLwXS1JXhMRif9ab2ps-gA', 'Sunday', 2, 0),
('ChIJvdLwXS1JXhMRif9ab2ps-gA', 'Sunday', 3, 0),
('ChIJvdLwXS1JXhMRif9ab2ps-gA', 'Sunday', 4, 0),
('ChIJvdLwXS1JXhMRif9ab2ps-gA', 'Sunday', 5, 0),
('ChIJvdLwXS1JXhMRif9ab2ps-gA', 'Sunday', 6, 0),
('ChIJvdLwXS1JXhMRif9ab2ps-gA', 'Sunday', 7, 0),
('ChIJvdLwXS1JXhMRif9ab2ps-gA', 'Sunday', 8, 0),
('ChIJvdLwXS1JXhMRif9ab2ps-gA', 'Sunday', 9, 0),
('ChIJvdLwXS1JXhMRif9ab2ps-gA', 'Sunday', 10, 0),
('ChIJvdLwXS1JXhMRif9ab2ps-gA', 'Sunday', 11, 0),
('ChIJvdLwXS1JXhMRif9ab2ps-gA', 'Sunday', 12, 0),
('ChIJvdLwXS1JXhMRif9ab2ps-gA', 'Sunday', 13, 0),
('ChIJvdLwXS1JXhMRif9ab2ps-gA', 'Sunday', 14, 0),
('ChIJvdLwXS1JXhMRif9ab2ps-gA', 'Sunday', 15, 0),
('ChIJvdLwXS1JXhMRif9ab2ps-gA', 'Sunday', 16, 0),
('ChIJvdLwXS1JXhMRif9ab2ps-gA', 'Sunday', 17, 0),
('ChIJvdLwXS1JXhMRif9ab2ps-gA', 'Sunday', 18, 0),
('ChIJvdLwXS1JXhMRif9ab2ps-gA', 'Sunday', 19, 0),
('ChIJvdLwXS1JXhMRif9ab2ps-gA', 'Sunday', 20, 0),
('ChIJvdLwXS1JXhMRif9ab2ps-gA', 'Sunday', 21, 0),
('ChIJvdLwXS1JXhMRif9ab2ps-gA', 'Sunday', 22, 0),
('ChIJvdLwXS1JXhMRif9ab2ps-gA', 'Sunday', 23, 0),
('ChIJvdLwXS1JXhMRif9ab2ps-gA', 'Thursday', 0, 0),
('ChIJvdLwXS1JXhMRif9ab2ps-gA', 'Thursday', 1, 0),
('ChIJvdLwXS1JXhMRif9ab2ps-gA', 'Thursday', 2, 0),
('ChIJvdLwXS1JXhMRif9ab2ps-gA', 'Thursday', 3, 0),
('ChIJvdLwXS1JXhMRif9ab2ps-gA', 'Thursday', 4, 0),
('ChIJvdLwXS1JXhMRif9ab2ps-gA', 'Thursday', 5, 0),
('ChIJvdLwXS1JXhMRif9ab2ps-gA', 'Thursday', 6, 0),
('ChIJvdLwXS1JXhMRif9ab2ps-gA', 'Thursday', 7, 0),
('ChIJvdLwXS1JXhMRif9ab2ps-gA', 'Thursday', 8, 0),
('ChIJvdLwXS1JXhMRif9ab2ps-gA', 'Thursday', 9, 7),
('ChIJvdLwXS1JXhMRif9ab2ps-gA', 'Thursday', 10, 15),
('ChIJvdLwXS1JXhMRif9ab2ps-gA', 'Thursday', 11, 34),
('ChIJvdLwXS1JXhMRif9ab2ps-gA', 'Thursday', 12, 57),
('ChIJvdLwXS1JXhMRif9ab2ps-gA', 'Thursday', 13, 30),
('ChIJvdLwXS1JXhMRif9ab2ps-gA', 'Thursday', 14, 0),
('ChIJvdLwXS1JXhMRif9ab2ps-gA', 'Thursday', 15, 0),
('ChIJvdLwXS1JXhMRif9ab2ps-gA', 'Thursday', 16, 0),
('ChIJvdLwXS1JXhMRif9ab2ps-gA', 'Thursday', 17, 0),
('ChIJvdLwXS1JXhMRif9ab2ps-gA', 'Thursday', 18, 15),
('ChIJvdLwXS1JXhMRif9ab2ps-gA', 'Thursday', 19, 46),
('ChIJvdLwXS1JXhMRif9ab2ps-gA', 'Thursday', 20, 38),
('ChIJvdLwXS1JXhMRif9ab2ps-gA', 'Thursday', 21, 0),
('ChIJvdLwXS1JXhMRif9ab2ps-gA', 'Thursday', 22, 0),
('ChIJvdLwXS1JXhMRif9ab2ps-gA', 'Thursday', 23, 0),
('ChIJvdLwXS1JXhMRif9ab2ps-gA', 'Tuesday', 0, 0),
('ChIJvdLwXS1JXhMRif9ab2ps-gA', 'Tuesday', 1, 0),
('ChIJvdLwXS1JXhMRif9ab2ps-gA', 'Tuesday', 2, 0),
('ChIJvdLwXS1JXhMRif9ab2ps-gA', 'Tuesday', 3, 0),
('ChIJvdLwXS1JXhMRif9ab2ps-gA', 'Tuesday', 4, 0),
('ChIJvdLwXS1JXhMRif9ab2ps-gA', 'Tuesday', 5, 0),
('ChIJvdLwXS1JXhMRif9ab2ps-gA', 'Tuesday', 6, 0),
('ChIJvdLwXS1JXhMRif9ab2ps-gA', 'Tuesday', 7, 0),
('ChIJvdLwXS1JXhMRif9ab2ps-gA', 'Tuesday', 8, 0),
('ChIJvdLwXS1JXhMRif9ab2ps-gA', 'Tuesday', 9, 3),
('ChIJvdLwXS1JXhMRif9ab2ps-gA', 'Tuesday', 10, 11),
('ChIJvdLwXS1JXhMRif9ab2ps-gA', 'Tuesday', 11, 26),
('ChIJvdLwXS1JXhMRif9ab2ps-gA', 'Tuesday', 12, 38),
('ChIJvdLwXS1JXhMRif9ab2ps-gA', 'Tuesday', 13, 42),
('ChIJvdLwXS1JXhMRif9ab2ps-gA', 'Tuesday', 14, 0),
('ChIJvdLwXS1JXhMRif9ab2ps-gA', 'Tuesday', 15, 0),
('ChIJvdLwXS1JXhMRif9ab2ps-gA', 'Tuesday', 16, 0),
('ChIJvdLwXS1JXhMRif9ab2ps-gA', 'Tuesday', 17, 11),
('ChIJvdLwXS1JXhMRif9ab2ps-gA', 'Tuesday', 18, 19),
('ChIJvdLwXS1JXhMRif9ab2ps-gA', 'Tuesday', 19, 19),
('ChIJvdLwXS1JXhMRif9ab2ps-gA', 'Tuesday', 20, 11),
('ChIJvdLwXS1JXhMRif9ab2ps-gA', 'Tuesday', 21, 0),
('ChIJvdLwXS1JXhMRif9ab2ps-gA', 'Tuesday', 22, 0),
('ChIJvdLwXS1JXhMRif9ab2ps-gA', 'Tuesday', 23, 0),
('ChIJvdLwXS1JXhMRif9ab2ps-gA', 'Wednesday', 0, 0),
('ChIJvdLwXS1JXhMRif9ab2ps-gA', 'Wednesday', 1, 0),
('ChIJvdLwXS1JXhMRif9ab2ps-gA', 'Wednesday', 2, 0),
('ChIJvdLwXS1JXhMRif9ab2ps-gA', 'Wednesday', 3, 0),
('ChIJvdLwXS1JXhMRif9ab2ps-gA', 'Wednesday', 4, 0),
('ChIJvdLwXS1JXhMRif9ab2ps-gA', 'Wednesday', 5, 0),
('ChIJvdLwXS1JXhMRif9ab2ps-gA', 'Wednesday', 6, 0),
('ChIJvdLwXS1JXhMRif9ab2ps-gA', 'Wednesday', 7, 0),
('ChIJvdLwXS1JXhMRif9ab2ps-gA', 'Wednesday', 8, 0),
('ChIJvdLwXS1JXhMRif9ab2ps-gA', 'Wednesday', 9, 0),
('ChIJvdLwXS1JXhMRif9ab2ps-gA', 'Wednesday', 10, 0),
('ChIJvdLwXS1JXhMRif9ab2ps-gA', 'Wednesday', 11, 0),
('ChIJvdLwXS1JXhMRif9ab2ps-gA', 'Wednesday', 12, 0),
('ChIJvdLwXS1JXhMRif9ab2ps-gA', 'Wednesday', 13, 0),
('ChIJvdLwXS1JXhMRif9ab2ps-gA', 'Wednesday', 14, 0),
('ChIJvdLwXS1JXhMRif9ab2ps-gA', 'Wednesday', 15, 0),
('ChIJvdLwXS1JXhMRif9ab2ps-gA', 'Wednesday', 16, 0),
('ChIJvdLwXS1JXhMRif9ab2ps-gA', 'Wednesday', 17, 0),
('ChIJvdLwXS1JXhMRif9ab2ps-gA', 'Wednesday', 18, 0),
('ChIJvdLwXS1JXhMRif9ab2ps-gA', 'Wednesday', 19, 0),
('ChIJvdLwXS1JXhMRif9ab2ps-gA', 'Wednesday', 20, 0),
('ChIJvdLwXS1JXhMRif9ab2ps-gA', 'Wednesday', 21, 0),
('ChIJvdLwXS1JXhMRif9ab2ps-gA', 'Wednesday', 22, 0),
('ChIJvdLwXS1JXhMRif9ab2ps-gA', 'Wednesday', 23, 0),
('ChIJXXD-Nt1JXhMRWCTJyMxS_Xg', 'Friday', 0, 0),
('ChIJXXD-Nt1JXhMRWCTJyMxS_Xg', 'Friday', 1, 0),
('ChIJXXD-Nt1JXhMRWCTJyMxS_Xg', 'Friday', 2, 0),
('ChIJXXD-Nt1JXhMRWCTJyMxS_Xg', 'Friday', 3, 0),
('ChIJXXD-Nt1JXhMRWCTJyMxS_Xg', 'Friday', 4, 0),
('ChIJXXD-Nt1JXhMRWCTJyMxS_Xg', 'Friday', 5, 0),
('ChIJXXD-Nt1JXhMRWCTJyMxS_Xg', 'Friday', 6, 0),
('ChIJXXD-Nt1JXhMRWCTJyMxS_Xg', 'Friday', 7, 0),
('ChIJXXD-Nt1JXhMRWCTJyMxS_Xg', 'Friday', 8, 0),
('ChIJXXD-Nt1JXhMRWCTJyMxS_Xg', 'Friday', 9, 0),
('ChIJXXD-Nt1JXhMRWCTJyMxS_Xg', 'Friday', 10, 28),
('ChIJXXD-Nt1JXhMRWCTJyMxS_Xg', 'Friday', 11, 40),
('ChIJXXD-Nt1JXhMRWCTJyMxS_Xg', 'Friday', 12, 47),
('ChIJXXD-Nt1JXhMRWCTJyMxS_Xg', 'Friday', 13, 42),
('ChIJXXD-Nt1JXhMRWCTJyMxS_Xg', 'Friday', 14, 33),
('ChIJXXD-Nt1JXhMRWCTJyMxS_Xg', 'Friday', 15, 21),
('ChIJXXD-Nt1JXhMRWCTJyMxS_Xg', 'Friday', 16, 14),
('ChIJXXD-Nt1JXhMRWCTJyMxS_Xg', 'Friday', 17, 19),
('ChIJXXD-Nt1JXhMRWCTJyMxS_Xg', 'Friday', 18, 50),
('ChIJXXD-Nt1JXhMRWCTJyMxS_Xg', 'Friday', 19, 83),
('ChIJXXD-Nt1JXhMRWCTJyMxS_Xg', 'Friday', 20, 69),
('ChIJXXD-Nt1JXhMRWCTJyMxS_Xg', 'Friday', 21, 0),
('ChIJXXD-Nt1JXhMRWCTJyMxS_Xg', 'Friday', 22, 0),
('ChIJXXD-Nt1JXhMRWCTJyMxS_Xg', 'Friday', 23, 0),
('ChIJXXD-Nt1JXhMRWCTJyMxS_Xg', 'Monday', 0, 0),
('ChIJXXD-Nt1JXhMRWCTJyMxS_Xg', 'Monday', 1, 0),
('ChIJXXD-Nt1JXhMRWCTJyMxS_Xg', 'Monday', 2, 0),
('ChIJXXD-Nt1JXhMRWCTJyMxS_Xg', 'Monday', 3, 0),
('ChIJXXD-Nt1JXhMRWCTJyMxS_Xg', 'Monday', 4, 0),
('ChIJXXD-Nt1JXhMRWCTJyMxS_Xg', 'Monday', 5, 0),
('ChIJXXD-Nt1JXhMRWCTJyMxS_Xg', 'Monday', 6, 0),
('ChIJXXD-Nt1JXhMRWCTJyMxS_Xg', 'Monday', 7, 0),
('ChIJXXD-Nt1JXhMRWCTJyMxS_Xg', 'Monday', 8, 0),
('ChIJXXD-Nt1JXhMRWCTJyMxS_Xg', 'Monday', 9, 0),
('ChIJXXD-Nt1JXhMRWCTJyMxS_Xg', 'Monday', 10, 16),
('ChIJXXD-Nt1JXhMRWCTJyMxS_Xg', 'Monday', 11, 35),
('ChIJXXD-Nt1JXhMRWCTJyMxS_Xg', 'Monday', 12, 45),
('ChIJXXD-Nt1JXhMRWCTJyMxS_Xg', 'Monday', 13, 33),
('ChIJXXD-Nt1JXhMRWCTJyMxS_Xg', 'Monday', 14, 19),
('ChIJXXD-Nt1JXhMRWCTJyMxS_Xg', 'Monday', 15, 11),
('ChIJXXD-Nt1JXhMRWCTJyMxS_Xg', 'Monday', 16, 7),
('ChIJXXD-Nt1JXhMRWCTJyMxS_Xg', 'Monday', 17, 4),
('ChIJXXD-Nt1JXhMRWCTJyMxS_Xg', 'Monday', 18, 23),
('ChIJXXD-Nt1JXhMRWCTJyMxS_Xg', 'Monday', 19, 45),
('ChIJXXD-Nt1JXhMRWCTJyMxS_Xg', 'Monday', 20, 14),
('ChIJXXD-Nt1JXhMRWCTJyMxS_Xg', 'Monday', 21, 0),
('ChIJXXD-Nt1JXhMRWCTJyMxS_Xg', 'Monday', 22, 0),
('ChIJXXD-Nt1JXhMRWCTJyMxS_Xg', 'Monday', 23, 0),
('ChIJXXD-Nt1JXhMRWCTJyMxS_Xg', 'Saturday', 0, 0),
('ChIJXXD-Nt1JXhMRWCTJyMxS_Xg', 'Saturday', 1, 0),
('ChIJXXD-Nt1JXhMRWCTJyMxS_Xg', 'Saturday', 2, 0),
('ChIJXXD-Nt1JXhMRWCTJyMxS_Xg', 'Saturday', 3, 0),
('ChIJXXD-Nt1JXhMRWCTJyMxS_Xg', 'Saturday', 4, 0),
('ChIJXXD-Nt1JXhMRWCTJyMxS_Xg', 'Saturday', 5, 0),
('ChIJXXD-Nt1JXhMRWCTJyMxS_Xg', 'Saturday', 6, 0),
('ChIJXXD-Nt1JXhMRWCTJyMxS_Xg', 'Saturday', 7, 0),
('ChIJXXD-Nt1JXhMRWCTJyMxS_Xg', 'Saturday', 8, 0),
('ChIJXXD-Nt1JXhMRWCTJyMxS_Xg', 'Saturday', 9, 0),
('ChIJXXD-Nt1JXhMRWCTJyMxS_Xg', 'Saturday', 10, 52),
('ChIJXXD-Nt1JXhMRWCTJyMxS_Xg', 'Saturday', 11, 80),
('ChIJXXD-Nt1JXhMRWCTJyMxS_Xg', 'Saturday', 12, 100),
('ChIJXXD-Nt1JXhMRWCTJyMxS_Xg', 'Saturday', 13, 97),
('ChIJXXD-Nt1JXhMRWCTJyMxS_Xg', 'Saturday', 14, 73),
('ChIJXXD-Nt1JXhMRWCTJyMxS_Xg', 'Saturday', 15, 45),
('ChIJXXD-Nt1JXhMRWCTJyMxS_Xg', 'Saturday', 16, 21),
('ChIJXXD-Nt1JXhMRWCTJyMxS_Xg', 'Saturday', 17, 21),
('ChIJXXD-Nt1JXhMRWCTJyMxS_Xg', 'Saturday', 18, 54),
('ChIJXXD-Nt1JXhMRWCTJyMxS_Xg', 'Saturday', 19, 26),
('ChIJXXD-Nt1JXhMRWCTJyMxS_Xg', 'Saturday', 20, 0),
('ChIJXXD-Nt1JXhMRWCTJyMxS_Xg', 'Saturday', 21, 0),
('ChIJXXD-Nt1JXhMRWCTJyMxS_Xg', 'Saturday', 22, 0),
('ChIJXXD-Nt1JXhMRWCTJyMxS_Xg', 'Saturday', 23, 0),
('ChIJXXD-Nt1JXhMRWCTJyMxS_Xg', 'Sunday', 0, 0),
('ChIJXXD-Nt1JXhMRWCTJyMxS_Xg', 'Sunday', 1, 0),
('ChIJXXD-Nt1JXhMRWCTJyMxS_Xg', 'Sunday', 2, 0),
('ChIJXXD-Nt1JXhMRWCTJyMxS_Xg', 'Sunday', 3, 0),
('ChIJXXD-Nt1JXhMRWCTJyMxS_Xg', 'Sunday', 4, 0),
('ChIJXXD-Nt1JXhMRWCTJyMxS_Xg', 'Sunday', 5, 0),
('ChIJXXD-Nt1JXhMRWCTJyMxS_Xg', 'Sunday', 6, 0),
('ChIJXXD-Nt1JXhMRWCTJyMxS_Xg', 'Sunday', 7, 0),
('ChIJXXD-Nt1JXhMRWCTJyMxS_Xg', 'Sunday', 8, 0),
('ChIJXXD-Nt1JXhMRWCTJyMxS_Xg', 'Sunday', 9, 0),
('ChIJXXD-Nt1JXhMRWCTJyMxS_Xg', 'Sunday', 10, 0),
('ChIJXXD-Nt1JXhMRWCTJyMxS_Xg', 'Sunday', 11, 0),
('ChIJXXD-Nt1JXhMRWCTJyMxS_Xg', 'Sunday', 12, 0),
('ChIJXXD-Nt1JXhMRWCTJyMxS_Xg', 'Sunday', 13, 0),
('ChIJXXD-Nt1JXhMRWCTJyMxS_Xg', 'Sunday', 14, 0),
('ChIJXXD-Nt1JXhMRWCTJyMxS_Xg', 'Sunday', 15, 0),
('ChIJXXD-Nt1JXhMRWCTJyMxS_Xg', 'Sunday', 16, 0),
('ChIJXXD-Nt1JXhMRWCTJyMxS_Xg', 'Sunday', 17, 0),
('ChIJXXD-Nt1JXhMRWCTJyMxS_Xg', 'Sunday', 18, 0),
('ChIJXXD-Nt1JXhMRWCTJyMxS_Xg', 'Sunday', 19, 0),
('ChIJXXD-Nt1JXhMRWCTJyMxS_Xg', 'Sunday', 20, 0),
('ChIJXXD-Nt1JXhMRWCTJyMxS_Xg', 'Sunday', 21, 0),
('ChIJXXD-Nt1JXhMRWCTJyMxS_Xg', 'Sunday', 22, 0),
('ChIJXXD-Nt1JXhMRWCTJyMxS_Xg', 'Sunday', 23, 0),
('ChIJXXD-Nt1JXhMRWCTJyMxS_Xg', 'Thursday', 0, 0),
('ChIJXXD-Nt1JXhMRWCTJyMxS_Xg', 'Thursday', 1, 0),
('ChIJXXD-Nt1JXhMRWCTJyMxS_Xg', 'Thursday', 2, 0),
('ChIJXXD-Nt1JXhMRWCTJyMxS_Xg', 'Thursday', 3, 0),
('ChIJXXD-Nt1JXhMRWCTJyMxS_Xg', 'Thursday', 4, 0),
('ChIJXXD-Nt1JXhMRWCTJyMxS_Xg', 'Thursday', 5, 0),
('ChIJXXD-Nt1JXhMRWCTJyMxS_Xg', 'Thursday', 6, 0),
('ChIJXXD-Nt1JXhMRWCTJyMxS_Xg', 'Thursday', 7, 0),
('ChIJXXD-Nt1JXhMRWCTJyMxS_Xg', 'Thursday', 8, 0),
('ChIJXXD-Nt1JXhMRWCTJyMxS_Xg', 'Thursday', 9, 0),
('ChIJXXD-Nt1JXhMRWCTJyMxS_Xg', 'Thursday', 10, 4),
('ChIJXXD-Nt1JXhMRWCTJyMxS_Xg', 'Thursday', 11, 16),
('ChIJXXD-Nt1JXhMRWCTJyMxS_Xg', 'Thursday', 12, 26),
('ChIJXXD-Nt1JXhMRWCTJyMxS_Xg', 'Thursday', 13, 23),
('ChIJXXD-Nt1JXhMRWCTJyMxS_Xg', 'Thursday', 14, 19),
('ChIJXXD-Nt1JXhMRWCTJyMxS_Xg', 'Thursday', 15, 23),
('ChIJXXD-Nt1JXhMRWCTJyMxS_Xg', 'Thursday', 16, 40),
('ChIJXXD-Nt1JXhMRWCTJyMxS_Xg', 'Thursday', 17, 59),
('ChIJXXD-Nt1JXhMRWCTJyMxS_Xg', 'Thursday', 18, 66),
('ChIJXXD-Nt1JXhMRWCTJyMxS_Xg', 'Thursday', 19, 59),
('ChIJXXD-Nt1JXhMRWCTJyMxS_Xg', 'Thursday', 20, 38),
('ChIJXXD-Nt1JXhMRWCTJyMxS_Xg', 'Thursday', 21, 0),
('ChIJXXD-Nt1JXhMRWCTJyMxS_Xg', 'Thursday', 22, 0),
('ChIJXXD-Nt1JXhMRWCTJyMxS_Xg', 'Thursday', 23, 0),
('ChIJXXD-Nt1JXhMRWCTJyMxS_Xg', 'Tuesday', 0, 0),
('ChIJXXD-Nt1JXhMRWCTJyMxS_Xg', 'Tuesday', 1, 0),
('ChIJXXD-Nt1JXhMRWCTJyMxS_Xg', 'Tuesday', 2, 0),
('ChIJXXD-Nt1JXhMRWCTJyMxS_Xg', 'Tuesday', 3, 0),
('ChIJXXD-Nt1JXhMRWCTJyMxS_Xg', 'Tuesday', 4, 0),
('ChIJXXD-Nt1JXhMRWCTJyMxS_Xg', 'Tuesday', 5, 0),
('ChIJXXD-Nt1JXhMRWCTJyMxS_Xg', 'Tuesday', 6, 0),
('ChIJXXD-Nt1JXhMRWCTJyMxS_Xg', 'Tuesday', 7, 0),
('ChIJXXD-Nt1JXhMRWCTJyMxS_Xg', 'Tuesday', 8, 0),
('ChIJXXD-Nt1JXhMRWCTJyMxS_Xg', 'Tuesday', 9, 0),
('ChIJXXD-Nt1JXhMRWCTJyMxS_Xg', 'Tuesday', 10, 23),
('ChIJXXD-Nt1JXhMRWCTJyMxS_Xg', 'Tuesday', 11, 33),
('ChIJXXD-Nt1JXhMRWCTJyMxS_Xg', 'Tuesday', 12, 28),
('ChIJXXD-Nt1JXhMRWCTJyMxS_Xg', 'Tuesday', 13, 21),
('ChIJXXD-Nt1JXhMRWCTJyMxS_Xg', 'Tuesday', 14, 21),
('ChIJXXD-Nt1JXhMRWCTJyMxS_Xg', 'Tuesday', 15, 23),
('ChIJXXD-Nt1JXhMRWCTJyMxS_Xg', 'Tuesday', 16, 23),
('ChIJXXD-Nt1JXhMRWCTJyMxS_Xg', 'Tuesday', 17, 21),
('ChIJXXD-Nt1JXhMRWCTJyMxS_Xg', 'Tuesday', 18, 30),
('ChIJXXD-Nt1JXhMRWCTJyMxS_Xg', 'Tuesday', 19, 66),
('ChIJXXD-Nt1JXhMRWCTJyMxS_Xg', 'Tuesday', 20, 73),
('ChIJXXD-Nt1JXhMRWCTJyMxS_Xg', 'Tuesday', 21, 0),
('ChIJXXD-Nt1JXhMRWCTJyMxS_Xg', 'Tuesday', 22, 0),
('ChIJXXD-Nt1JXhMRWCTJyMxS_Xg', 'Tuesday', 23, 0),
('ChIJXXD-Nt1JXhMRWCTJyMxS_Xg', 'Wednesday', 0, 0),
('ChIJXXD-Nt1JXhMRWCTJyMxS_Xg', 'Wednesday', 1, 0),
('ChIJXXD-Nt1JXhMRWCTJyMxS_Xg', 'Wednesday', 2, 0),
('ChIJXXD-Nt1JXhMRWCTJyMxS_Xg', 'Wednesday', 3, 0),
('ChIJXXD-Nt1JXhMRWCTJyMxS_Xg', 'Wednesday', 4, 0),
('ChIJXXD-Nt1JXhMRWCTJyMxS_Xg', 'Wednesday', 5, 0),
('ChIJXXD-Nt1JXhMRWCTJyMxS_Xg', 'Wednesday', 6, 0),
('ChIJXXD-Nt1JXhMRWCTJyMxS_Xg', 'Wednesday', 7, 0),
('ChIJXXD-Nt1JXhMRWCTJyMxS_Xg', 'Wednesday', 8, 0),
('ChIJXXD-Nt1JXhMRWCTJyMxS_Xg', 'Wednesday', 9, 0),
('ChIJXXD-Nt1JXhMRWCTJyMxS_Xg', 'Wednesday', 10, 28),
('ChIJXXD-Nt1JXhMRWCTJyMxS_Xg', 'Wednesday', 11, 33),
('ChIJXXD-Nt1JXhMRWCTJyMxS_Xg', 'Wednesday', 12, 16),
('ChIJXXD-Nt1JXhMRWCTJyMxS_Xg', 'Wednesday', 13, 38),
('ChIJXXD-Nt1JXhMRWCTJyMxS_Xg', 'Wednesday', 14, 47),
('ChIJXXD-Nt1JXhMRWCTJyMxS_Xg', 'Wednesday', 15, 33),
('ChIJXXD-Nt1JXhMRWCTJyMxS_Xg', 'Wednesday', 16, 16),
('ChIJXXD-Nt1JXhMRWCTJyMxS_Xg', 'Wednesday', 17, 14),
('ChIJXXD-Nt1JXhMRWCTJyMxS_Xg', 'Wednesday', 18, 19),
('ChIJXXD-Nt1JXhMRWCTJyMxS_Xg', 'Wednesday', 19, 21),
('ChIJXXD-Nt1JXhMRWCTJyMxS_Xg', 'Wednesday', 20, 14),
('ChIJXXD-Nt1JXhMRWCTJyMxS_Xg', 'Wednesday', 21, 0),
('ChIJXXD-Nt1JXhMRWCTJyMxS_Xg', 'Wednesday', 22, 0),
('ChIJXXD-Nt1JXhMRWCTJyMxS_Xg', 'Wednesday', 23, 0),
('ChIJyRizl0hJXhMRYIWm34jaikk', 'Friday', 0, 0),
('ChIJyRizl0hJXhMRYIWm34jaikk', 'Friday', 1, 0),
('ChIJyRizl0hJXhMRYIWm34jaikk', 'Friday', 2, 0),
('ChIJyRizl0hJXhMRYIWm34jaikk', 'Friday', 3, 0),
('ChIJyRizl0hJXhMRYIWm34jaikk', 'Friday', 4, 0),
('ChIJyRizl0hJXhMRYIWm34jaikk', 'Friday', 5, 0),
('ChIJyRizl0hJXhMRYIWm34jaikk', 'Friday', 6, 0),
('ChIJyRizl0hJXhMRYIWm34jaikk', 'Friday', 7, 9),
('ChIJyRizl0hJXhMRYIWm34jaikk', 'Friday', 8, 18),
('ChIJyRizl0hJXhMRYIWm34jaikk', 'Friday', 9, 30),
('ChIJyRizl0hJXhMRYIWm34jaikk', 'Friday', 10, 45),
('ChIJyRizl0hJXhMRYIWm34jaikk', 'Friday', 11, 60),
('ChIJyRizl0hJXhMRYIWm34jaikk', 'Friday', 12, 68),
('ChIJyRizl0hJXhMRYIWm34jaikk', 'Friday', 13, 69),
('ChIJyRizl0hJXhMRYIWm34jaikk', 'Friday', 14, 60),
('ChIJyRizl0hJXhMRYIWm34jaikk', 'Friday', 15, 46),
('ChIJyRizl0hJXhMRYIWm34jaikk', 'Friday', 16, 31),
('ChIJyRizl0hJXhMRYIWm34jaikk', 'Friday', 17, 22),
('ChIJyRizl0hJXhMRYIWm34jaikk', 'Friday', 18, 22),
('ChIJyRizl0hJXhMRYIWm34jaikk', 'Friday', 19, 34),
('ChIJyRizl0hJXhMRYIWm34jaikk', 'Friday', 20, 57),
('ChIJyRizl0hJXhMRYIWm34jaikk', 'Friday', 21, 77),
('ChIJyRizl0hJXhMRYIWm34jaikk', 'Friday', 22, 81),
('ChIJyRizl0hJXhMRYIWm34jaikk', 'Friday', 23, 66),
('ChIJyRizl0hJXhMRYIWm34jaikk', 'Monday', 0, 0),
('ChIJyRizl0hJXhMRYIWm34jaikk', 'Monday', 1, 0),
('ChIJyRizl0hJXhMRYIWm34jaikk', 'Monday', 2, 0),
('ChIJyRizl0hJXhMRYIWm34jaikk', 'Monday', 3, 0),
('ChIJyRizl0hJXhMRYIWm34jaikk', 'Monday', 4, 0),
('ChIJyRizl0hJXhMRYIWm34jaikk', 'Monday', 5, 0),
('ChIJyRizl0hJXhMRYIWm34jaikk', 'Monday', 6, 0),
('ChIJyRizl0hJXhMRYIWm34jaikk', 'Monday', 7, 9),
('ChIJyRizl0hJXhMRYIWm34jaikk', 'Monday', 8, 36),
('ChIJyRizl0hJXhMRYIWm34jaikk', 'Monday', 9, 34),
('ChIJyRizl0hJXhMRYIWm34jaikk', 'Monday', 10, 16),
('ChIJyRizl0hJXhMRYIWm34jaikk', 'Monday', 11, 21),
('ChIJyRizl0hJXhMRYIWm34jaikk', 'Monday', 12, 34),
('ChIJyRizl0hJXhMRYIWm34jaikk', 'Monday', 13, 43),
('ChIJyRizl0hJXhMRYIWm34jaikk', 'Monday', 14, 43),
('ChIJyRizl0hJXhMRYIWm34jaikk', 'Monday', 15, 34),
('ChIJyRizl0hJXhMRYIWm34jaikk', 'Monday', 16, 22),
('ChIJyRizl0hJXhMRYIWm34jaikk', 'Monday', 17, 16),
('ChIJyRizl0hJXhMRYIWm34jaikk', 'Monday', 18, 22),
('ChIJyRizl0hJXhMRYIWm34jaikk', 'Monday', 19, 36),
('ChIJyRizl0hJXhMRYIWm34jaikk', 'Monday', 20, 48),
('ChIJyRizl0hJXhMRYIWm34jaikk', 'Monday', 21, 48),
('ChIJyRizl0hJXhMRYIWm34jaikk', 'Monday', 22, 34),
('ChIJyRizl0hJXhMRYIWm34jaikk', 'Monday', 23, 0),
('ChIJyRizl0hJXhMRYIWm34jaikk', 'Saturday', 0, 40),
('ChIJyRizl0hJXhMRYIWm34jaikk', 'Saturday', 1, 19),
('ChIJyRizl0hJXhMRYIWm34jaikk', 'Saturday', 2, 7),
('ChIJyRizl0hJXhMRYIWm34jaikk', 'Saturday', 3, 0),
('ChIJyRizl0hJXhMRYIWm34jaikk', 'Saturday', 4, 0),
('ChIJyRizl0hJXhMRYIWm34jaikk', 'Saturday', 5, 0),
('ChIJyRizl0hJXhMRYIWm34jaikk', 'Saturday', 6, 0),
('ChIJyRizl0hJXhMRYIWm34jaikk', 'Saturday', 7, 4),
('ChIJyRizl0hJXhMRYIWm34jaikk', 'Saturday', 8, 10),
('ChIJyRizl0hJXhMRYIWm34jaikk', 'Saturday', 9, 22),
('ChIJyRizl0hJXhMRYIWm34jaikk', 'Saturday', 10, 37),
('ChIJyRizl0hJXhMRYIWm34jaikk', 'Saturday', 11, 54),
('ChIJyRizl0hJXhMRYIWm34jaikk', 'Saturday', 12, 66),
('ChIJyRizl0hJXhMRYIWm34jaikk', 'Saturday', 13, 66),
('ChIJyRizl0hJXhMRYIWm34jaikk', 'Saturday', 14, 56),
('ChIJyRizl0hJXhMRYIWm34jaikk', 'Saturday', 15, 40),
('ChIJyRizl0hJXhMRYIWm34jaikk', 'Saturday', 16, 25),
('ChIJyRizl0hJXhMRYIWm34jaikk', 'Saturday', 17, 16),
('ChIJyRizl0hJXhMRYIWm34jaikk', 'Saturday', 18, 19),
('ChIJyRizl0hJXhMRYIWm34jaikk', 'Saturday', 19, 31),
('ChIJyRizl0hJXhMRYIWm34jaikk', 'Saturday', 20, 50),
('ChIJyRizl0hJXhMRYIWm34jaikk', 'Saturday', 21, 65),
('ChIJyRizl0hJXhMRYIWm34jaikk', 'Saturday', 22, 66),
('ChIJyRizl0hJXhMRYIWm34jaikk', 'Saturday', 23, 54),
('ChIJyRizl0hJXhMRYIWm34jaikk', 'Sunday', 0, 34),
('ChIJyRizl0hJXhMRYIWm34jaikk', 'Sunday', 1, 18),
('ChIJyRizl0hJXhMRYIWm34jaikk', 'Sunday', 2, 7),
('ChIJyRizl0hJXhMRYIWm34jaikk', 'Sunday', 3, 0),
('ChIJyRizl0hJXhMRYIWm34jaikk', 'Sunday', 4, 0),
('ChIJyRizl0hJXhMRYIWm34jaikk', 'Sunday', 5, 0),
('ChIJyRizl0hJXhMRYIWm34jaikk', 'Sunday', 6, 0),
('ChIJyRizl0hJXhMRYIWm34jaikk', 'Sunday', 7, 0),
('ChIJyRizl0hJXhMRYIWm34jaikk', 'Sunday', 8, 3),
('ChIJyRizl0hJXhMRYIWm34jaikk', 'Sunday', 9, 13),
('ChIJyRizl0hJXhMRYIWm34jaikk', 'Sunday', 10, 34),
('ChIJyRizl0hJXhMRYIWm34jaikk', 'Sunday', 11, 63),
('ChIJyRizl0hJXhMRYIWm34jaikk', 'Sunday', 12, 78),
('ChIJyRizl0hJXhMRYIWm34jaikk', 'Sunday', 13, 66),
('ChIJyRizl0hJXhMRYIWm34jaikk', 'Sunday', 14, 37),
('ChIJyRizl0hJXhMRYIWm34jaikk', 'Sunday', 15, 15),
('ChIJyRizl0hJXhMRYIWm34jaikk', 'Sunday', 16, 6),
('ChIJyRizl0hJXhMRYIWm34jaikk', 'Sunday', 17, 12),
('ChIJyRizl0hJXhMRYIWm34jaikk', 'Sunday', 18, 33),
('ChIJyRizl0hJXhMRYIWm34jaikk', 'Sunday', 19, 68),
('ChIJyRizl0hJXhMRYIWm34jaikk', 'Sunday', 20, 90),
('ChIJyRizl0hJXhMRYIWm34jaikk', 'Sunday', 21, 81),
('ChIJyRizl0hJXhMRYIWm34jaikk', 'Sunday', 22, 48),
('ChIJyRizl0hJXhMRYIWm34jaikk', 'Sunday', 23, 0),
('ChIJyRizl0hJXhMRYIWm34jaikk', 'Thursday', 0, 0),
('ChIJyRizl0hJXhMRYIWm34jaikk', 'Thursday', 1, 0),
('ChIJyRizl0hJXhMRYIWm34jaikk', 'Thursday', 2, 0),
('ChIJyRizl0hJXhMRYIWm34jaikk', 'Thursday', 3, 0),
('ChIJyRizl0hJXhMRYIWm34jaikk', 'Thursday', 4, 0),
('ChIJyRizl0hJXhMRYIWm34jaikk', 'Thursday', 5, 0),
('ChIJyRizl0hJXhMRYIWm34jaikk', 'Thursday', 6, 0),
('ChIJyRizl0hJXhMRYIWm34jaikk', 'Thursday', 7, 16),
('ChIJyRizl0hJXhMRYIWm34jaikk', 'Thursday', 8, 30),
('ChIJyRizl0hJXhMRYIWm34jaikk', 'Thursday', 9, 50),
('ChIJyRizl0hJXhMRYIWm34jaikk', 'Thursday', 10, 68),
('ChIJyRizl0hJXhMRYIWm34jaikk', 'Thursday', 11, 80),
('ChIJyRizl0hJXhMRYIWm34jaikk', 'Thursday', 12, 83),
('ChIJyRizl0hJXhMRYIWm34jaikk', 'Thursday', 13, 72),
('ChIJyRizl0hJXhMRYIWm34jaikk', 'Thursday', 14, 56),
('ChIJyRizl0hJXhMRYIWm34jaikk', 'Thursday', 15, 37),
('ChIJyRizl0hJXhMRYIWm34jaikk', 'Thursday', 16, 24),
('ChIJyRizl0hJXhMRYIWm34jaikk', 'Thursday', 17, 22),
('ChIJyRizl0hJXhMRYIWm34jaikk', 'Thursday', 18, 36),
('ChIJyRizl0hJXhMRYIWm34jaikk', 'Thursday', 19, 63),
('ChIJyRizl0hJXhMRYIWm34jaikk', 'Thursday', 20, 90),
('ChIJyRizl0hJXhMRYIWm34jaikk', 'Thursday', 21, 100),
('ChIJyRizl0hJXhMRYIWm34jaikk', 'Thursday', 22, 83),
('ChIJyRizl0hJXhMRYIWm34jaikk', 'Thursday', 23, 0),
('ChIJyRizl0hJXhMRYIWm34jaikk', 'Tuesday', 0, 0),
('ChIJyRizl0hJXhMRYIWm34jaikk', 'Tuesday', 1, 0),
('ChIJyRizl0hJXhMRYIWm34jaikk', 'Tuesday', 2, 0),
('ChIJyRizl0hJXhMRYIWm34jaikk', 'Tuesday', 3, 0),
('ChIJyRizl0hJXhMRYIWm34jaikk', 'Tuesday', 4, 0),
('ChIJyRizl0hJXhMRYIWm34jaikk', 'Tuesday', 5, 0),
('ChIJyRizl0hJXhMRYIWm34jaikk', 'Tuesday', 6, 0),
('ChIJyRizl0hJXhMRYIWm34jaikk', 'Tuesday', 7, 6),
('ChIJyRizl0hJXhMRYIWm34jaikk', 'Tuesday', 8, 24),
('ChIJyRizl0hJXhMRYIWm34jaikk', 'Tuesday', 9, 54),
('ChIJyRizl0hJXhMRYIWm34jaikk', 'Tuesday', 10, 68),
('ChIJyRizl0hJXhMRYIWm34jaikk', 'Tuesday', 11, 53),
('ChIJyRizl0hJXhMRYIWm34jaikk', 'Tuesday', 12, 37),
('ChIJyRizl0hJXhMRYIWm34jaikk', 'Tuesday', 13, 34),
('ChIJyRizl0hJXhMRYIWm34jaikk', 'Tuesday', 14, 33),
('ChIJyRizl0hJXhMRYIWm34jaikk', 'Tuesday', 15, 28),
('ChIJyRizl0hJXhMRYIWm34jaikk', 'Tuesday', 16, 24),
('ChIJyRizl0hJXhMRYIWm34jaikk', 'Tuesday', 17, 24),
('ChIJyRizl0hJXhMRYIWm34jaikk', 'Tuesday', 18, 31),
('ChIJyRizl0hJXhMRYIWm34jaikk', 'Tuesday', 19, 42),
('ChIJyRizl0hJXhMRYIWm34jaikk', 'Tuesday', 20, 53),
('ChIJyRizl0hJXhMRYIWm34jaikk', 'Tuesday', 21, 57),
('ChIJyRizl0hJXhMRYIWm34jaikk', 'Tuesday', 22, 53),
('ChIJyRizl0hJXhMRYIWm34jaikk', 'Tuesday', 23, 0),
('ChIJyRizl0hJXhMRYIWm34jaikk', 'Wednesday', 0, 0),
('ChIJyRizl0hJXhMRYIWm34jaikk', 'Wednesday', 1, 0),
('ChIJyRizl0hJXhMRYIWm34jaikk', 'Wednesday', 2, 0),
('ChIJyRizl0hJXhMRYIWm34jaikk', 'Wednesday', 3, 0),
('ChIJyRizl0hJXhMRYIWm34jaikk', 'Wednesday', 4, 0),
('ChIJyRizl0hJXhMRYIWm34jaikk', 'Wednesday', 5, 0),
('ChIJyRizl0hJXhMRYIWm34jaikk', 'Wednesday', 6, 0),
('ChIJyRizl0hJXhMRYIWm34jaikk', 'Wednesday', 7, 21),
('ChIJyRizl0hJXhMRYIWm34jaikk', 'Wednesday', 8, 31),
('ChIJyRizl0hJXhMRYIWm34jaikk', 'Wednesday', 9, 43),
('ChIJyRizl0hJXhMRYIWm34jaikk', 'Wednesday', 10, 53),
('ChIJyRizl0hJXhMRYIWm34jaikk', 'Wednesday', 11, 59),
('ChIJyRizl0hJXhMRYIWm34jaikk', 'Wednesday', 12, 57),
('ChIJyRizl0hJXhMRYIWm34jaikk', 'Wednesday', 13, 51),
('ChIJyRizl0hJXhMRYIWm34jaikk', 'Wednesday', 14, 42),
('ChIJyRizl0hJXhMRYIWm34jaikk', 'Wednesday', 15, 33),
('ChIJyRizl0hJXhMRYIWm34jaikk', 'Wednesday', 16, 28),
('ChIJyRizl0hJXhMRYIWm34jaikk', 'Wednesday', 17, 31),
('ChIJyRizl0hJXhMRYIWm34jaikk', 'Wednesday', 18, 42),
('ChIJyRizl0hJXhMRYIWm34jaikk', 'Wednesday', 19, 54),
('ChIJyRizl0hJXhMRYIWm34jaikk', 'Wednesday', 20, 60),
('ChIJyRizl0hJXhMRYIWm34jaikk', 'Wednesday', 21, 57),
('ChIJyRizl0hJXhMRYIWm34jaikk', 'Wednesday', 22, 43),
('ChIJyRizl0hJXhMRYIWm34jaikk', 'Wednesday', 23, 0),
('ChIJYW7ZL-hJXhMR9ve2dpMf5Io', 'Friday', 0, 0),
('ChIJYW7ZL-hJXhMR9ve2dpMf5Io', 'Friday', 1, 0),
('ChIJYW7ZL-hJXhMR9ve2dpMf5Io', 'Friday', 2, 0),
('ChIJYW7ZL-hJXhMR9ve2dpMf5Io', 'Friday', 3, 0),
('ChIJYW7ZL-hJXhMR9ve2dpMf5Io', 'Friday', 4, 0),
('ChIJYW7ZL-hJXhMR9ve2dpMf5Io', 'Friday', 5, 0),
('ChIJYW7ZL-hJXhMR9ve2dpMf5Io', 'Friday', 6, 0),
('ChIJYW7ZL-hJXhMR9ve2dpMf5Io', 'Friday', 7, 19),
('ChIJYW7ZL-hJXhMR9ve2dpMf5Io', 'Friday', 8, 44),
('ChIJYW7ZL-hJXhMR9ve2dpMf5Io', 'Friday', 9, 51),
('ChIJYW7ZL-hJXhMR9ve2dpMf5Io', 'Friday', 10, 49),
('ChIJYW7ZL-hJXhMR9ve2dpMf5Io', 'Friday', 11, 66),
('ChIJYW7ZL-hJXhMR9ve2dpMf5Io', 'Friday', 12, 92),
('ChIJYW7ZL-hJXhMR9ve2dpMf5Io', 'Friday', 13, 90),
('ChIJYW7ZL-hJXhMR9ve2dpMf5Io', 'Friday', 14, 60),
('ChIJYW7ZL-hJXhMR9ve2dpMf5Io', 'Friday', 15, 0),
('ChIJYW7ZL-hJXhMR9ve2dpMf5Io', 'Friday', 16, 0),
('ChIJYW7ZL-hJXhMR9ve2dpMf5Io', 'Friday', 17, 0);
INSERT INTO `populartimes` (`poi_id`, `day`, `hour`, `val`) VALUES
('ChIJYW7ZL-hJXhMR9ve2dpMf5Io', 'Friday', 18, 0),
('ChIJYW7ZL-hJXhMR9ve2dpMf5Io', 'Friday', 19, 0),
('ChIJYW7ZL-hJXhMR9ve2dpMf5Io', 'Friday', 20, 0),
('ChIJYW7ZL-hJXhMR9ve2dpMf5Io', 'Friday', 21, 0),
('ChIJYW7ZL-hJXhMR9ve2dpMf5Io', 'Friday', 22, 0),
('ChIJYW7ZL-hJXhMR9ve2dpMf5Io', 'Friday', 23, 0),
('ChIJYW7ZL-hJXhMR9ve2dpMf5Io', 'Monday', 0, 0),
('ChIJYW7ZL-hJXhMR9ve2dpMf5Io', 'Monday', 1, 0),
('ChIJYW7ZL-hJXhMR9ve2dpMf5Io', 'Monday', 2, 0),
('ChIJYW7ZL-hJXhMR9ve2dpMf5Io', 'Monday', 3, 0),
('ChIJYW7ZL-hJXhMR9ve2dpMf5Io', 'Monday', 4, 0),
('ChIJYW7ZL-hJXhMR9ve2dpMf5Io', 'Monday', 5, 0),
('ChIJYW7ZL-hJXhMR9ve2dpMf5Io', 'Monday', 6, 0),
('ChIJYW7ZL-hJXhMR9ve2dpMf5Io', 'Monday', 7, 22),
('ChIJYW7ZL-hJXhMR9ve2dpMf5Io', 'Monday', 8, 47),
('ChIJYW7ZL-hJXhMR9ve2dpMf5Io', 'Monday', 9, 71),
('ChIJYW7ZL-hJXhMR9ve2dpMf5Io', 'Monday', 10, 83),
('ChIJYW7ZL-hJXhMR9ve2dpMf5Io', 'Monday', 11, 89),
('ChIJYW7ZL-hJXhMR9ve2dpMf5Io', 'Monday', 12, 90),
('ChIJYW7ZL-hJXhMR9ve2dpMf5Io', 'Monday', 13, 80),
('ChIJYW7ZL-hJXhMR9ve2dpMf5Io', 'Monday', 14, 58),
('ChIJYW7ZL-hJXhMR9ve2dpMf5Io', 'Monday', 15, 0),
('ChIJYW7ZL-hJXhMR9ve2dpMf5Io', 'Monday', 16, 0),
('ChIJYW7ZL-hJXhMR9ve2dpMf5Io', 'Monday', 17, 0),
('ChIJYW7ZL-hJXhMR9ve2dpMf5Io', 'Monday', 18, 0),
('ChIJYW7ZL-hJXhMR9ve2dpMf5Io', 'Monday', 19, 0),
('ChIJYW7ZL-hJXhMR9ve2dpMf5Io', 'Monday', 20, 0),
('ChIJYW7ZL-hJXhMR9ve2dpMf5Io', 'Monday', 21, 0),
('ChIJYW7ZL-hJXhMR9ve2dpMf5Io', 'Monday', 22, 0),
('ChIJYW7ZL-hJXhMR9ve2dpMf5Io', 'Monday', 23, 0),
('ChIJYW7ZL-hJXhMR9ve2dpMf5Io', 'Saturday', 0, 0),
('ChIJYW7ZL-hJXhMR9ve2dpMf5Io', 'Saturday', 1, 0),
('ChIJYW7ZL-hJXhMR9ve2dpMf5Io', 'Saturday', 2, 0),
('ChIJYW7ZL-hJXhMR9ve2dpMf5Io', 'Saturday', 3, 0),
('ChIJYW7ZL-hJXhMR9ve2dpMf5Io', 'Saturday', 4, 0),
('ChIJYW7ZL-hJXhMR9ve2dpMf5Io', 'Saturday', 5, 0),
('ChIJYW7ZL-hJXhMR9ve2dpMf5Io', 'Saturday', 6, 0),
('ChIJYW7ZL-hJXhMR9ve2dpMf5Io', 'Saturday', 7, 0),
('ChIJYW7ZL-hJXhMR9ve2dpMf5Io', 'Saturday', 8, 0),
('ChIJYW7ZL-hJXhMR9ve2dpMf5Io', 'Saturday', 9, 0),
('ChIJYW7ZL-hJXhMR9ve2dpMf5Io', 'Saturday', 10, 0),
('ChIJYW7ZL-hJXhMR9ve2dpMf5Io', 'Saturday', 11, 0),
('ChIJYW7ZL-hJXhMR9ve2dpMf5Io', 'Saturday', 12, 0),
('ChIJYW7ZL-hJXhMR9ve2dpMf5Io', 'Saturday', 13, 0),
('ChIJYW7ZL-hJXhMR9ve2dpMf5Io', 'Saturday', 14, 0),
('ChIJYW7ZL-hJXhMR9ve2dpMf5Io', 'Saturday', 15, 0),
('ChIJYW7ZL-hJXhMR9ve2dpMf5Io', 'Saturday', 16, 0),
('ChIJYW7ZL-hJXhMR9ve2dpMf5Io', 'Saturday', 17, 0),
('ChIJYW7ZL-hJXhMR9ve2dpMf5Io', 'Saturday', 18, 0),
('ChIJYW7ZL-hJXhMR9ve2dpMf5Io', 'Saturday', 19, 0),
('ChIJYW7ZL-hJXhMR9ve2dpMf5Io', 'Saturday', 20, 0),
('ChIJYW7ZL-hJXhMR9ve2dpMf5Io', 'Saturday', 21, 0),
('ChIJYW7ZL-hJXhMR9ve2dpMf5Io', 'Saturday', 22, 0),
('ChIJYW7ZL-hJXhMR9ve2dpMf5Io', 'Saturday', 23, 0),
('ChIJYW7ZL-hJXhMR9ve2dpMf5Io', 'Sunday', 0, 0),
('ChIJYW7ZL-hJXhMR9ve2dpMf5Io', 'Sunday', 1, 0),
('ChIJYW7ZL-hJXhMR9ve2dpMf5Io', 'Sunday', 2, 0),
('ChIJYW7ZL-hJXhMR9ve2dpMf5Io', 'Sunday', 3, 0),
('ChIJYW7ZL-hJXhMR9ve2dpMf5Io', 'Sunday', 4, 0),
('ChIJYW7ZL-hJXhMR9ve2dpMf5Io', 'Sunday', 5, 0),
('ChIJYW7ZL-hJXhMR9ve2dpMf5Io', 'Sunday', 6, 0),
('ChIJYW7ZL-hJXhMR9ve2dpMf5Io', 'Sunday', 7, 0),
('ChIJYW7ZL-hJXhMR9ve2dpMf5Io', 'Sunday', 8, 0),
('ChIJYW7ZL-hJXhMR9ve2dpMf5Io', 'Sunday', 9, 0),
('ChIJYW7ZL-hJXhMR9ve2dpMf5Io', 'Sunday', 10, 0),
('ChIJYW7ZL-hJXhMR9ve2dpMf5Io', 'Sunday', 11, 0),
('ChIJYW7ZL-hJXhMR9ve2dpMf5Io', 'Sunday', 12, 0),
('ChIJYW7ZL-hJXhMR9ve2dpMf5Io', 'Sunday', 13, 0),
('ChIJYW7ZL-hJXhMR9ve2dpMf5Io', 'Sunday', 14, 0),
('ChIJYW7ZL-hJXhMR9ve2dpMf5Io', 'Sunday', 15, 0),
('ChIJYW7ZL-hJXhMR9ve2dpMf5Io', 'Sunday', 16, 0),
('ChIJYW7ZL-hJXhMR9ve2dpMf5Io', 'Sunday', 17, 0),
('ChIJYW7ZL-hJXhMR9ve2dpMf5Io', 'Sunday', 18, 0),
('ChIJYW7ZL-hJXhMR9ve2dpMf5Io', 'Sunday', 19, 0),
('ChIJYW7ZL-hJXhMR9ve2dpMf5Io', 'Sunday', 20, 0),
('ChIJYW7ZL-hJXhMR9ve2dpMf5Io', 'Sunday', 21, 0),
('ChIJYW7ZL-hJXhMR9ve2dpMf5Io', 'Sunday', 22, 0),
('ChIJYW7ZL-hJXhMR9ve2dpMf5Io', 'Sunday', 23, 0),
('ChIJYW7ZL-hJXhMR9ve2dpMf5Io', 'Thursday', 0, 0),
('ChIJYW7ZL-hJXhMR9ve2dpMf5Io', 'Thursday', 1, 0),
('ChIJYW7ZL-hJXhMR9ve2dpMf5Io', 'Thursday', 2, 0),
('ChIJYW7ZL-hJXhMR9ve2dpMf5Io', 'Thursday', 3, 0),
('ChIJYW7ZL-hJXhMR9ve2dpMf5Io', 'Thursday', 4, 0),
('ChIJYW7ZL-hJXhMR9ve2dpMf5Io', 'Thursday', 5, 0),
('ChIJYW7ZL-hJXhMR9ve2dpMf5Io', 'Thursday', 6, 0),
('ChIJYW7ZL-hJXhMR9ve2dpMf5Io', 'Thursday', 7, 10),
('ChIJYW7ZL-hJXhMR9ve2dpMf5Io', 'Thursday', 8, 40),
('ChIJYW7ZL-hJXhMR9ve2dpMf5Io', 'Thursday', 9, 80),
('ChIJYW7ZL-hJXhMR9ve2dpMf5Io', 'Thursday', 10, 97),
('ChIJYW7ZL-hJXhMR9ve2dpMf5Io', 'Thursday', 11, 86),
('ChIJYW7ZL-hJXhMR9ve2dpMf5Io', 'Thursday', 12, 87),
('ChIJYW7ZL-hJXhMR9ve2dpMf5Io', 'Thursday', 13, 85),
('ChIJYW7ZL-hJXhMR9ve2dpMf5Io', 'Thursday', 14, 50),
('ChIJYW7ZL-hJXhMR9ve2dpMf5Io', 'Thursday', 15, 0),
('ChIJYW7ZL-hJXhMR9ve2dpMf5Io', 'Thursday', 16, 0),
('ChIJYW7ZL-hJXhMR9ve2dpMf5Io', 'Thursday', 17, 0),
('ChIJYW7ZL-hJXhMR9ve2dpMf5Io', 'Thursday', 18, 0),
('ChIJYW7ZL-hJXhMR9ve2dpMf5Io', 'Thursday', 19, 0),
('ChIJYW7ZL-hJXhMR9ve2dpMf5Io', 'Thursday', 20, 0),
('ChIJYW7ZL-hJXhMR9ve2dpMf5Io', 'Thursday', 21, 0),
('ChIJYW7ZL-hJXhMR9ve2dpMf5Io', 'Thursday', 22, 0),
('ChIJYW7ZL-hJXhMR9ve2dpMf5Io', 'Thursday', 23, 0),
('ChIJYW7ZL-hJXhMR9ve2dpMf5Io', 'Tuesday', 0, 0),
('ChIJYW7ZL-hJXhMR9ve2dpMf5Io', 'Tuesday', 1, 0),
('ChIJYW7ZL-hJXhMR9ve2dpMf5Io', 'Tuesday', 2, 0),
('ChIJYW7ZL-hJXhMR9ve2dpMf5Io', 'Tuesday', 3, 0),
('ChIJYW7ZL-hJXhMR9ve2dpMf5Io', 'Tuesday', 4, 0),
('ChIJYW7ZL-hJXhMR9ve2dpMf5Io', 'Tuesday', 5, 0),
('ChIJYW7ZL-hJXhMR9ve2dpMf5Io', 'Tuesday', 6, 0),
('ChIJYW7ZL-hJXhMR9ve2dpMf5Io', 'Tuesday', 7, 30),
('ChIJYW7ZL-hJXhMR9ve2dpMf5Io', 'Tuesday', 8, 63),
('ChIJYW7ZL-hJXhMR9ve2dpMf5Io', 'Tuesday', 9, 88),
('ChIJYW7ZL-hJXhMR9ve2dpMf5Io', 'Tuesday', 10, 92),
('ChIJYW7ZL-hJXhMR9ve2dpMf5Io', 'Tuesday', 11, 90),
('ChIJYW7ZL-hJXhMR9ve2dpMf5Io', 'Tuesday', 12, 90),
('ChIJYW7ZL-hJXhMR9ve2dpMf5Io', 'Tuesday', 13, 81),
('ChIJYW7ZL-hJXhMR9ve2dpMf5Io', 'Tuesday', 14, 56),
('ChIJYW7ZL-hJXhMR9ve2dpMf5Io', 'Tuesday', 15, 0),
('ChIJYW7ZL-hJXhMR9ve2dpMf5Io', 'Tuesday', 16, 0),
('ChIJYW7ZL-hJXhMR9ve2dpMf5Io', 'Tuesday', 17, 0),
('ChIJYW7ZL-hJXhMR9ve2dpMf5Io', 'Tuesday', 18, 0),
('ChIJYW7ZL-hJXhMR9ve2dpMf5Io', 'Tuesday', 19, 0),
('ChIJYW7ZL-hJXhMR9ve2dpMf5Io', 'Tuesday', 20, 0),
('ChIJYW7ZL-hJXhMR9ve2dpMf5Io', 'Tuesday', 21, 0),
('ChIJYW7ZL-hJXhMR9ve2dpMf5Io', 'Tuesday', 22, 0),
('ChIJYW7ZL-hJXhMR9ve2dpMf5Io', 'Tuesday', 23, 0),
('ChIJYW7ZL-hJXhMR9ve2dpMf5Io', 'Wednesday', 0, 0),
('ChIJYW7ZL-hJXhMR9ve2dpMf5Io', 'Wednesday', 1, 0),
('ChIJYW7ZL-hJXhMR9ve2dpMf5Io', 'Wednesday', 2, 0),
('ChIJYW7ZL-hJXhMR9ve2dpMf5Io', 'Wednesday', 3, 0),
('ChIJYW7ZL-hJXhMR9ve2dpMf5Io', 'Wednesday', 4, 0),
('ChIJYW7ZL-hJXhMR9ve2dpMf5Io', 'Wednesday', 5, 0),
('ChIJYW7ZL-hJXhMR9ve2dpMf5Io', 'Wednesday', 6, 0),
('ChIJYW7ZL-hJXhMR9ve2dpMf5Io', 'Wednesday', 7, 25),
('ChIJYW7ZL-hJXhMR9ve2dpMf5Io', 'Wednesday', 8, 59),
('ChIJYW7ZL-hJXhMR9ve2dpMf5Io', 'Wednesday', 9, 84),
('ChIJYW7ZL-hJXhMR9ve2dpMf5Io', 'Wednesday', 10, 91),
('ChIJYW7ZL-hJXhMR9ve2dpMf5Io', 'Wednesday', 11, 94),
('ChIJYW7ZL-hJXhMR9ve2dpMf5Io', 'Wednesday', 12, 100),
('ChIJYW7ZL-hJXhMR9ve2dpMf5Io', 'Wednesday', 13, 90),
('ChIJYW7ZL-hJXhMR9ve2dpMf5Io', 'Wednesday', 14, 64),
('ChIJYW7ZL-hJXhMR9ve2dpMf5Io', 'Wednesday', 15, 0),
('ChIJYW7ZL-hJXhMR9ve2dpMf5Io', 'Wednesday', 16, 0),
('ChIJYW7ZL-hJXhMR9ve2dpMf5Io', 'Wednesday', 17, 0),
('ChIJYW7ZL-hJXhMR9ve2dpMf5Io', 'Wednesday', 18, 0),
('ChIJYW7ZL-hJXhMR9ve2dpMf5Io', 'Wednesday', 19, 0),
('ChIJYW7ZL-hJXhMR9ve2dpMf5Io', 'Wednesday', 20, 0),
('ChIJYW7ZL-hJXhMR9ve2dpMf5Io', 'Wednesday', 21, 0),
('ChIJYW7ZL-hJXhMR9ve2dpMf5Io', 'Wednesday', 22, 0),
('ChIJYW7ZL-hJXhMR9ve2dpMf5Io', 'Wednesday', 23, 0),
('ChIJ_7nx_mxJXhMRSrp68dDU67M', 'Friday', 0, 0),
('ChIJ_7nx_mxJXhMRSrp68dDU67M', 'Friday', 1, 0),
('ChIJ_7nx_mxJXhMRSrp68dDU67M', 'Friday', 2, 0),
('ChIJ_7nx_mxJXhMRSrp68dDU67M', 'Friday', 3, 0),
('ChIJ_7nx_mxJXhMRSrp68dDU67M', 'Friday', 4, 0),
('ChIJ_7nx_mxJXhMRSrp68dDU67M', 'Friday', 5, 0),
('ChIJ_7nx_mxJXhMRSrp68dDU67M', 'Friday', 6, 12),
('ChIJ_7nx_mxJXhMRSrp68dDU67M', 'Friday', 7, 19),
('ChIJ_7nx_mxJXhMRSrp68dDU67M', 'Friday', 8, 29),
('ChIJ_7nx_mxJXhMRSrp68dDU67M', 'Friday', 9, 38),
('ChIJ_7nx_mxJXhMRSrp68dDU67M', 'Friday', 10, 51),
('ChIJ_7nx_mxJXhMRSrp68dDU67M', 'Friday', 11, 61),
('ChIJ_7nx_mxJXhMRSrp68dDU67M', 'Friday', 12, 67),
('ChIJ_7nx_mxJXhMRSrp68dDU67M', 'Friday', 13, 67),
('ChIJ_7nx_mxJXhMRSrp68dDU67M', 'Friday', 14, 70),
('ChIJ_7nx_mxJXhMRSrp68dDU67M', 'Friday', 15, 70),
('ChIJ_7nx_mxJXhMRSrp68dDU67M', 'Friday', 16, 77),
('ChIJ_7nx_mxJXhMRSrp68dDU67M', 'Friday', 17, 80),
('ChIJ_7nx_mxJXhMRSrp68dDU67M', 'Friday', 18, 74),
('ChIJ_7nx_mxJXhMRSrp68dDU67M', 'Friday', 19, 61),
('ChIJ_7nx_mxJXhMRSrp68dDU67M', 'Friday', 20, 38),
('ChIJ_7nx_mxJXhMRSrp68dDU67M', 'Friday', 21, 22),
('ChIJ_7nx_mxJXhMRSrp68dDU67M', 'Friday', 22, 12),
('ChIJ_7nx_mxJXhMRSrp68dDU67M', 'Friday', 23, 0),
('ChIJ_7nx_mxJXhMRSrp68dDU67M', 'Monday', 0, 0),
('ChIJ_7nx_mxJXhMRSrp68dDU67M', 'Monday', 1, 0),
('ChIJ_7nx_mxJXhMRSrp68dDU67M', 'Monday', 2, 0),
('ChIJ_7nx_mxJXhMRSrp68dDU67M', 'Monday', 3, 0),
('ChIJ_7nx_mxJXhMRSrp68dDU67M', 'Monday', 4, 0),
('ChIJ_7nx_mxJXhMRSrp68dDU67M', 'Monday', 5, 0),
('ChIJ_7nx_mxJXhMRSrp68dDU67M', 'Monday', 6, 9),
('ChIJ_7nx_mxJXhMRSrp68dDU67M', 'Monday', 7, 16),
('ChIJ_7nx_mxJXhMRSrp68dDU67M', 'Monday', 8, 25),
('ChIJ_7nx_mxJXhMRSrp68dDU67M', 'Monday', 9, 38),
('ChIJ_7nx_mxJXhMRSrp68dDU67M', 'Monday', 10, 51),
('ChIJ_7nx_mxJXhMRSrp68dDU67M', 'Monday', 11, 64),
('ChIJ_7nx_mxJXhMRSrp68dDU67M', 'Monday', 12, 70),
('ChIJ_7nx_mxJXhMRSrp68dDU67M', 'Monday', 13, 64),
('ChIJ_7nx_mxJXhMRSrp68dDU67M', 'Monday', 14, 54),
('ChIJ_7nx_mxJXhMRSrp68dDU67M', 'Monday', 15, 38),
('ChIJ_7nx_mxJXhMRSrp68dDU67M', 'Monday', 16, 25),
('ChIJ_7nx_mxJXhMRSrp68dDU67M', 'Monday', 17, 16),
('ChIJ_7nx_mxJXhMRSrp68dDU67M', 'Monday', 18, 38),
('ChIJ_7nx_mxJXhMRSrp68dDU67M', 'Monday', 19, 67),
('ChIJ_7nx_mxJXhMRSrp68dDU67M', 'Monday', 20, 19),
('ChIJ_7nx_mxJXhMRSrp68dDU67M', 'Monday', 21, 3),
('ChIJ_7nx_mxJXhMRSrp68dDU67M', 'Monday', 22, 0),
('ChIJ_7nx_mxJXhMRSrp68dDU67M', 'Monday', 23, 0),
('ChIJ_7nx_mxJXhMRSrp68dDU67M', 'Saturday', 0, 0),
('ChIJ_7nx_mxJXhMRSrp68dDU67M', 'Saturday', 1, 0),
('ChIJ_7nx_mxJXhMRSrp68dDU67M', 'Saturday', 2, 0),
('ChIJ_7nx_mxJXhMRSrp68dDU67M', 'Saturday', 3, 0),
('ChIJ_7nx_mxJXhMRSrp68dDU67M', 'Saturday', 4, 0),
('ChIJ_7nx_mxJXhMRSrp68dDU67M', 'Saturday', 5, 0),
('ChIJ_7nx_mxJXhMRSrp68dDU67M', 'Saturday', 6, 16),
('ChIJ_7nx_mxJXhMRSrp68dDU67M', 'Saturday', 7, 32),
('ChIJ_7nx_mxJXhMRSrp68dDU67M', 'Saturday', 8, 45),
('ChIJ_7nx_mxJXhMRSrp68dDU67M', 'Saturday', 9, 45),
('ChIJ_7nx_mxJXhMRSrp68dDU67M', 'Saturday', 10, 32),
('ChIJ_7nx_mxJXhMRSrp68dDU67M', 'Saturday', 11, 25),
('ChIJ_7nx_mxJXhMRSrp68dDU67M', 'Saturday', 12, 58),
('ChIJ_7nx_mxJXhMRSrp68dDU67M', 'Saturday', 13, 74),
('ChIJ_7nx_mxJXhMRSrp68dDU67M', 'Saturday', 14, 41),
('ChIJ_7nx_mxJXhMRSrp68dDU67M', 'Saturday', 15, 32),
('ChIJ_7nx_mxJXhMRSrp68dDU67M', 'Saturday', 16, 35),
('ChIJ_7nx_mxJXhMRSrp68dDU67M', 'Saturday', 17, 35),
('ChIJ_7nx_mxJXhMRSrp68dDU67M', 'Saturday', 18, 35),
('ChIJ_7nx_mxJXhMRSrp68dDU67M', 'Saturday', 19, 32),
('ChIJ_7nx_mxJXhMRSrp68dDU67M', 'Saturday', 20, 29),
('ChIJ_7nx_mxJXhMRSrp68dDU67M', 'Saturday', 21, 22),
('ChIJ_7nx_mxJXhMRSrp68dDU67M', 'Saturday', 22, 19),
('ChIJ_7nx_mxJXhMRSrp68dDU67M', 'Saturday', 23, 0),
('ChIJ_7nx_mxJXhMRSrp68dDU67M', 'Sunday', 0, 0),
('ChIJ_7nx_mxJXhMRSrp68dDU67M', 'Sunday', 1, 0),
('ChIJ_7nx_mxJXhMRSrp68dDU67M', 'Sunday', 2, 0),
('ChIJ_7nx_mxJXhMRSrp68dDU67M', 'Sunday', 3, 0),
('ChIJ_7nx_mxJXhMRSrp68dDU67M', 'Sunday', 4, 0),
('ChIJ_7nx_mxJXhMRSrp68dDU67M', 'Sunday', 5, 0),
('ChIJ_7nx_mxJXhMRSrp68dDU67M', 'Sunday', 6, 0),
('ChIJ_7nx_mxJXhMRSrp68dDU67M', 'Sunday', 7, 0),
('ChIJ_7nx_mxJXhMRSrp68dDU67M', 'Sunday', 8, 3),
('ChIJ_7nx_mxJXhMRSrp68dDU67M', 'Sunday', 9, 29),
('ChIJ_7nx_mxJXhMRSrp68dDU67M', 'Sunday', 10, 77),
('ChIJ_7nx_mxJXhMRSrp68dDU67M', 'Sunday', 11, 100),
('ChIJ_7nx_mxJXhMRSrp68dDU67M', 'Sunday', 12, 58),
('ChIJ_7nx_mxJXhMRSrp68dDU67M', 'Sunday', 13, 22),
('ChIJ_7nx_mxJXhMRSrp68dDU67M', 'Sunday', 14, 38),
('ChIJ_7nx_mxJXhMRSrp68dDU67M', 'Sunday', 15, 32),
('ChIJ_7nx_mxJXhMRSrp68dDU67M', 'Sunday', 16, 19),
('ChIJ_7nx_mxJXhMRSrp68dDU67M', 'Sunday', 17, 22),
('ChIJ_7nx_mxJXhMRSrp68dDU67M', 'Sunday', 18, 29),
('ChIJ_7nx_mxJXhMRSrp68dDU67M', 'Sunday', 19, 32),
('ChIJ_7nx_mxJXhMRSrp68dDU67M', 'Sunday', 20, 29),
('ChIJ_7nx_mxJXhMRSrp68dDU67M', 'Sunday', 21, 25),
('ChIJ_7nx_mxJXhMRSrp68dDU67M', 'Sunday', 22, 19),
('ChIJ_7nx_mxJXhMRSrp68dDU67M', 'Sunday', 23, 0),
('ChIJ_7nx_mxJXhMRSrp68dDU67M', 'Thursday', 0, 0),
('ChIJ_7nx_mxJXhMRSrp68dDU67M', 'Thursday', 1, 0),
('ChIJ_7nx_mxJXhMRSrp68dDU67M', 'Thursday', 2, 0),
('ChIJ_7nx_mxJXhMRSrp68dDU67M', 'Thursday', 3, 0),
('ChIJ_7nx_mxJXhMRSrp68dDU67M', 'Thursday', 4, 0),
('ChIJ_7nx_mxJXhMRSrp68dDU67M', 'Thursday', 5, 0),
('ChIJ_7nx_mxJXhMRSrp68dDU67M', 'Thursday', 6, 12),
('ChIJ_7nx_mxJXhMRSrp68dDU67M', 'Thursday', 7, 16),
('ChIJ_7nx_mxJXhMRSrp68dDU67M', 'Thursday', 8, 29),
('ChIJ_7nx_mxJXhMRSrp68dDU67M', 'Thursday', 9, 41),
('ChIJ_7nx_mxJXhMRSrp68dDU67M', 'Thursday', 10, 51),
('ChIJ_7nx_mxJXhMRSrp68dDU67M', 'Thursday', 11, 51),
('ChIJ_7nx_mxJXhMRSrp68dDU67M', 'Thursday', 12, 45),
('ChIJ_7nx_mxJXhMRSrp68dDU67M', 'Thursday', 13, 38),
('ChIJ_7nx_mxJXhMRSrp68dDU67M', 'Thursday', 14, 35),
('ChIJ_7nx_mxJXhMRSrp68dDU67M', 'Thursday', 15, 48),
('ChIJ_7nx_mxJXhMRSrp68dDU67M', 'Thursday', 16, 64),
('ChIJ_7nx_mxJXhMRSrp68dDU67M', 'Thursday', 17, 80),
('ChIJ_7nx_mxJXhMRSrp68dDU67M', 'Thursday', 18, 87),
('ChIJ_7nx_mxJXhMRSrp68dDU67M', 'Thursday', 19, 80),
('ChIJ_7nx_mxJXhMRSrp68dDU67M', 'Thursday', 20, 61),
('ChIJ_7nx_mxJXhMRSrp68dDU67M', 'Thursday', 21, 41),
('ChIJ_7nx_mxJXhMRSrp68dDU67M', 'Thursday', 22, 25),
('ChIJ_7nx_mxJXhMRSrp68dDU67M', 'Thursday', 23, 0),
('ChIJ_7nx_mxJXhMRSrp68dDU67M', 'Tuesday', 0, 0),
('ChIJ_7nx_mxJXhMRSrp68dDU67M', 'Tuesday', 1, 0),
('ChIJ_7nx_mxJXhMRSrp68dDU67M', 'Tuesday', 2, 0),
('ChIJ_7nx_mxJXhMRSrp68dDU67M', 'Tuesday', 3, 0),
('ChIJ_7nx_mxJXhMRSrp68dDU67M', 'Tuesday', 4, 0),
('ChIJ_7nx_mxJXhMRSrp68dDU67M', 'Tuesday', 5, 0),
('ChIJ_7nx_mxJXhMRSrp68dDU67M', 'Tuesday', 6, 3),
('ChIJ_7nx_mxJXhMRSrp68dDU67M', 'Tuesday', 7, 12),
('ChIJ_7nx_mxJXhMRSrp68dDU67M', 'Tuesday', 8, 38),
('ChIJ_7nx_mxJXhMRSrp68dDU67M', 'Tuesday', 9, 70),
('ChIJ_7nx_mxJXhMRSrp68dDU67M', 'Tuesday', 10, 100),
('ChIJ_7nx_mxJXhMRSrp68dDU67M', 'Tuesday', 11, 100),
('ChIJ_7nx_mxJXhMRSrp68dDU67M', 'Tuesday', 12, 70),
('ChIJ_7nx_mxJXhMRSrp68dDU67M', 'Tuesday', 13, 41),
('ChIJ_7nx_mxJXhMRSrp68dDU67M', 'Tuesday', 14, 25),
('ChIJ_7nx_mxJXhMRSrp68dDU67M', 'Tuesday', 15, 25),
('ChIJ_7nx_mxJXhMRSrp68dDU67M', 'Tuesday', 16, 32),
('ChIJ_7nx_mxJXhMRSrp68dDU67M', 'Tuesday', 17, 45),
('ChIJ_7nx_mxJXhMRSrp68dDU67M', 'Tuesday', 18, 51),
('ChIJ_7nx_mxJXhMRSrp68dDU67M', 'Tuesday', 19, 54),
('ChIJ_7nx_mxJXhMRSrp68dDU67M', 'Tuesday', 20, 51),
('ChIJ_7nx_mxJXhMRSrp68dDU67M', 'Tuesday', 21, 41),
('ChIJ_7nx_mxJXhMRSrp68dDU67M', 'Tuesday', 22, 29),
('ChIJ_7nx_mxJXhMRSrp68dDU67M', 'Tuesday', 23, 0),
('ChIJ_7nx_mxJXhMRSrp68dDU67M', 'Wednesday', 0, 0),
('ChIJ_7nx_mxJXhMRSrp68dDU67M', 'Wednesday', 1, 0),
('ChIJ_7nx_mxJXhMRSrp68dDU67M', 'Wednesday', 2, 0),
('ChIJ_7nx_mxJXhMRSrp68dDU67M', 'Wednesday', 3, 0),
('ChIJ_7nx_mxJXhMRSrp68dDU67M', 'Wednesday', 4, 0),
('ChIJ_7nx_mxJXhMRSrp68dDU67M', 'Wednesday', 5, 0),
('ChIJ_7nx_mxJXhMRSrp68dDU67M', 'Wednesday', 6, 12),
('ChIJ_7nx_mxJXhMRSrp68dDU67M', 'Wednesday', 7, 16),
('ChIJ_7nx_mxJXhMRSrp68dDU67M', 'Wednesday', 8, 19),
('ChIJ_7nx_mxJXhMRSrp68dDU67M', 'Wednesday', 9, 29),
('ChIJ_7nx_mxJXhMRSrp68dDU67M', 'Wednesday', 10, 41),
('ChIJ_7nx_mxJXhMRSrp68dDU67M', 'Wednesday', 11, 48),
('ChIJ_7nx_mxJXhMRSrp68dDU67M', 'Wednesday', 12, 51),
('ChIJ_7nx_mxJXhMRSrp68dDU67M', 'Wednesday', 13, 41),
('ChIJ_7nx_mxJXhMRSrp68dDU67M', 'Wednesday', 14, 29),
('ChIJ_7nx_mxJXhMRSrp68dDU67M', 'Wednesday', 15, 22),
('ChIJ_7nx_mxJXhMRSrp68dDU67M', 'Wednesday', 16, 25),
('ChIJ_7nx_mxJXhMRSrp68dDU67M', 'Wednesday', 17, 38),
('ChIJ_7nx_mxJXhMRSrp68dDU67M', 'Wednesday', 18, 48),
('ChIJ_7nx_mxJXhMRSrp68dDU67M', 'Wednesday', 19, 51),
('ChIJ_7nx_mxJXhMRSrp68dDU67M', 'Wednesday', 20, 45),
('ChIJ_7nx_mxJXhMRSrp68dDU67M', 'Wednesday', 21, 32),
('ChIJ_7nx_mxJXhMRSrp68dDU67M', 'Wednesday', 22, 16),
('ChIJ_7nx_mxJXhMRSrp68dDU67M', 'Wednesday', 23, 0);

-- --------------------------------------------------------

--
-- Table structure for table `user`
--

CREATE TABLE `user` (
  `username` varchar(15) NOT NULL,
  `password` varchar(15) NOT NULL,
  `email` varchar(25) NOT NULL
) ENGINE=InnoDB DEFAULT CHARSET=utf8;

--
-- Dumping data for table `user`
--

INSERT INTO `user` (`username`, `password`, `email`) VALUES
('andreas', '2222', 'andreas@gmail.com'),
('giannis', '5678', 'dimitris@gmail.com');

--
-- Indexes for dumped tables
--

--
-- Indexes for table `admin`
--
ALTER TABLE `admin`
  ADD PRIMARY KEY (`username`);

--
-- Indexes for table `checkins`
--
ALTER TABLE `checkins`
  ADD PRIMARY KEY (`username`,`poi_id`,`dt`);

--
-- Indexes for table `diagnosis`
--
ALTER TABLE `diagnosis`
  ADD PRIMARY KEY (`username`);

--
-- Indexes for table `poi`
--
ALTER TABLE `poi`
  ADD PRIMARY KEY (`id`);

--
-- Indexes for table `populartimes`
--
ALTER TABLE `populartimes`
  ADD PRIMARY KEY (`poi_id`,`day`,`hour`);

--
-- Indexes for table `user`
--
ALTER TABLE `user`
  ADD PRIMARY KEY (`username`),
  ADD UNIQUE KEY `email` (`email`);
COMMIT;

/*!40101 SET CHARACTER_SET_CLIENT=@OLD_CHARACTER_SET_CLIENT */;
/*!40101 SET CHARACTER_SET_RESULTS=@OLD_CHARACTER_SET_RESULTS */;
/*!40101 SET COLLATION_CONNECTION=@OLD_COLLATION_CONNECTION */;
